timestamp,open,high,low,close,volume,symbol,m15_bias,m5_ema5,m5_ema10,m5_ema20,m5_ema50,m5_ema100,m5_ema200,m5_bias,m5_bb_upper,m5_bb_lower,m5_bb_width,m5_bbw_sma_100,m5_rsi7,m5_rsi14,m5_macd,m5_macd_signal,m5_macd_hist,m5_stoch_k,m5_stoch_d,m5_atr14,m5_atr_percentile,m5_atr_zscore,m5_atr_recent_avg,m5_atr_past_avg,m5_adx,m5_di_plus,m5_di_minus,m5_dx,m5_roc,m5_volume,m5_volume_ma20,m5_volume_ratio,m5_volume_spike,m5_slope_10,m5_slope_20,m5_slope_50,m5_pivot,m5_r1,m5_r2,m5_s1,m5_s2,m5_box_duration,m5_box_tightness,m5_support,m5_resistance,m5_volume_trend,m1_ema5,m1_ema10,m1_ema20,m1_ema50,m1_rsi7,m1_rsi14,m1_macd,m1_macd_signal,m1_stoch_k,m1_stoch_d,m1_atr14,m1_bb_upper,m1_bb_lower,m1_pivot,m1_r1,m1_s1,m1_volume,m1_volume_ratio,meta_close,meta_high,meta_low,meta_open,meta_session,meta_data_age_ms,meta_data_quality,ohlcv_close,ohlcv_high,ohlcv_low,ohlcv_open,ohlcv_session,ohlcv_data_age_ms,ohlcv_data_quality,price_action_pattern,price_action_last_candle_bias,price_action_last_candle,price_action_body_strength,price_action_rejection_zone,price_action_wick_dominance,price_action_momentum_bias,price_action_move_quality,price_action_trap_alert,price_action_sr_interaction,price_action_volume_momentum,behavior_conviction,behavior_hesitation,behavior_pressure_balance,behavior_participation,behavior_behavior,behavior_is_decisive,behavior_confidence,candle_pattern_patterns_detected,candle_pattern_pattern_count,candle_pattern_pattern_strength,candle_pattern_bias,candle_pattern_last_candle_color,candle_pattern_confidence,trap_detector_trap_detected,trap_detector_trap_type,trap_detector_trap_score,trap_detector_false_breakout,trap_detector_stop_hunt,trap_detector_rejection_wick,trap_detector_confidence,conflict_conflict_detected,conflict_conflict_score,conflict_agreement_score,conflict_ema_direction,conflict_momentum_direction,conflict_candle_direction,conflict_conflicting_signals,conflict_all_aligned,conflict_confidence,continuation_continuation_probability,continuation_reversal_probability,continuation_pullback_health,continuation_momentum_intact,continuation_volume_supports_move,continuation_bias,continuation_confidence,continuation_retest_detected,continuation_retest_quality,continuation_retest_type,divergence_divergence_detected,divergence_divergence_type,divergence_rsi_divergence,divergence_macd_divergence,divergence_divergence_strength,divergence_both_confirm,divergence_confidence,efficiency_efficiency_ratio,efficiency_path_efficiency,efficiency_directional_efficiency,efficiency_overall_efficiency,efficiency_movement_quality,efficiency_is_efficient,efficiency_confidence,persistence_persistence_score,persistence_autocorrelation,persistence_max_consecutive_run,persistence_trend_persistence,persistence_is_persistent,persistence_behavior,persistence_confidence,persistence_expansion_persistence,persistence_fatigue_risk,transition_in_transition,transition_transition_type,transition_volatility_shift,transition_momentum_shift,transition_structure_shift,transition_stability_score,transition_is_stable,transition_confidence,analysis_trend_direction,analysis_trend_strength,analysis_trend_type,analysis_volatility_regime,engines_trend_direction,engines_trend_strength,engines_trend_momentum,engines_trend_type,engines_trend_confidence,engines_trend_reversal_risk,engines_trend_sustain_probability,engines_strength_momentum_level,engines_strength_divergence,engines_strength_strength_score,engines_strength_exhaustion_risk,engines_strength_confidence,engines_volatility_regime,engines_volatility_volatility_score,engines_volatility_expansion_probability,engines_volatility_contraction_probability,engines_volatility_volatility_zscore,engines_volatility_spike_detected,engines_volatility_confidence,engines_volatility_bbw_compression_ratio,engines_volatility_compression_quality,engines_structure_structure_type,engines_structure_structure_score,engines_structure_bos_detected,engines_structure_bos_type,engines_structure_key_zones_strong_support,engines_structure_key_zones_strong_resistance,engines_structure_key_zones_middle,engines_structure_zone_proximity,engines_structure_breakout_probability,engines_structure_reversal_probability,engines_structure_confidence,engines_mtf_directions_by_tf_M1,engines_mtf_directions_by_tf_M5,engines_mtf_directions_by_tf_M15,engines_mtf_alignment_score,engines_mtf_dominant_direction,engines_mtf_htf_direction,engines_mtf_ltf_direction,engines_mtf_htf_ltf_conflict,engines_mtf_timeframes_analyzed,engines_mtf_confidence_from_mtf,engines_mtf_confidence,market_state,market_state_full_state,market_state_full_confidence,market_state_full_quality_score,market_state_full_tradeable,market_state_full_stability,market_state_full_description,market_state_full_risk_level,market_state_full_suggested_action,market_state_full_suggested_expiry,market_state_full_metrics_volume_ratio,market_state_full_metrics_noise_level,market_state_full_metrics_rsi_extreme_bull,market_state_full_metrics_rsi_extreme_bear,market_state_full_metrics_price_above_ma20,market_state_full_metrics_price_above_ma50,market_state_full_metrics_wick_lower_ratio,market_state_full_metrics_wick_upper_ratio,market_state_full_metrics_compression_detected,market_state_full_metrics_divergence_detected,market_state_full_metrics_volume_surge,market_state_full_metrics_adaptive_adx_threshold,market_state_full_metrics_is_otc,market_context_state,market_context_description,market_context_volatility_regime,market_context_news_impact,market_context_expected_volatility_%,market_context_recent_ai_memory,decision_layer_tradeable,decision_layer_stability_score,decision_layer_quality_score,decision_layer_risk_level,decision_layer_confidence_score,decision_layer_suggested_expiry_minutes,decision_layer_suggested_action,decision_layer_final_reason_th
2026-07-03 00:02:00,0.845955,0.846085,0.845795,0.846065,1.0,EURGBP-OTC,BEARISH,0.846157,0.846325,0.846559,0.846845,0.847275,0.847928,BEARISH,0.84794,0.845576,0.002365,0.002568,39.34,42.56,-0.000255,-0.000174,-8.1e-05,12.13,14.94,0.000618,13.2,-1.06,0.000661,0.000685,10.73,15.47,20.37,13.69,-0.0602,1.0,1.0,1.0,False,-3e-05,-8.8e-05,-1.5e-05,0.845982,0.846168,0.846272,0.845878,0.845692,34,3.69,0.845865,0.846995,NO_VOLUME_DATA,0.846041,0.84612,0.846236,0.846452,41.89,42.56,-0.000136,-0.000101,14.45,11.86,0.000256,0.846851,0.845797,0.845982,0.846168,0.845878,1.0,1.0,0.846065,0.846085,0.845795,0.845955,NEW YORK,124420,HIGH,0.846065,0.846085,0.845795,0.845955,NEW YORK,124420,HIGH,NONE,BULLISH,BULLISH,WEAK,AT_PIVOT,LOW_WICK,BEARISH,CHAOTIC,TRUE,TESTING_PIVOT,NORMAL,52,20,-4.007285974500108,50,NEUTRAL,False,70,[],0,0,NEUTRAL,BULLISH,40,True,BEAR_TRAP,50,True,False,False,70,False,0,100,DOWN,NONE,DOWN,0,True,100,55,45,80,False,True,NEUTRAL,70,False,0.0,NONE,True,BEARISH,True,True,90,True,70,22.73449920508845,8.379446640316727,65.0,32,POOR,False,75,54,-0.11707679632218113,4,30.000000000000004,False,RANDOM,70,37.41619388464787,13.810969104359751,True,MOMENTUM_SHIFT,False,True,False,65,True,70,DOWN,40,CORRECTIVE,LOW,DOWN,40,-0.0602,CORRECTIVE,55,30,50,WEAK,NONE,50,30,60,LOW,58,55,45,-1.06,False,65,0.9209501557632399,87.90498442367601,RANGING,90,False,NONE,0.845865,0.846168,0.845982,FAR,30,50,85,DOWN,DOWN,DOWN,100,DOWN,DOWN,DOWN,False,"['M1', 'M5', 'M15']",100,100,SIDEWAY_RANGE,SIDEWAY_RANGE,55,60,True,25,Price ranging between clear levels. Suitable for mean-reversion strategies.,MEDIUM,WAIT,5,1.0,0.5,False,False,False,False,0.3,0.3,True,False,False,18,True,SIDEWAY_RANGE,Price ranging between clear levels. Suitable for mean-reversion strategies.,LOW,NONE_OTC,0.073,[],True,100,60,MEDIUM,รอการวิเคราะห์จาก AI,รอการวิเคราะห์จาก AI,รอการวิเคราะห์จาก AI,รอการวิเคราะห์จาก AI
2026-07-03 00:03:00,0.845955,0.846085,0.845795,0.846065,1.0,EURGBP-OTC,BEARISH,0.846157,0.846325,0.846559,0.846845,0.847275,0.847928,BEARISH,0.84794,0.845576,0.002365,0.002568,39.34,42.56,-0.000255,-0.000174,-8.1e-05,12.13,14.94,0.000618,13.2,-1.06,0.000661,0.000685,10.73,15.47,20.37,13.69,-0.0602,1.0,1.0,1.0,False,-3e-05,-8.8e-05,-1.5e-05,0.845982,0.846168,0.846272,0.845878,0.845692,34,3.69,0.845865,0.846995,NO_VOLUME_DATA,0.846041,0.84612,0.846236,0.846452,41.89,42.56,-0.000136,-0.000101,14.45,11.86,0.000256,0.846851,0.845797,0.845982,0.846168,0.845878,1.0,1.0,0.846065,0.846085,0.845795,0.845955,NEW YORK,183998,HIGH,0.846065,0.846085,0.845795,0.845955,NEW YORK,183998,HIGH,NONE,BULLISH,BULLISH,WEAK,AT_PIVOT,LOW_WICK,BEARISH,CHAOTIC,TRUE,TESTING_PIVOT,NORMAL,52,20,-4.007285974500108,50,NEUTRAL,False,70,[],0,0,NEUTRAL,BULLISH,40,True,BEAR_TRAP,50,True,False,False,70,False,0,100,DOWN,NONE,DOWN,0,True,100,55,45,80,False,True,NEUTRAL,70,False,0.0,NONE,True,BEARISH,True,True,90,True,70,22.73449920508845,8.379446640316727,65.0,32,POOR,False,75,54,-0.11707679632218113,4,30.000000000000004,False,RANDOM,70,37.41619388464787,13.810969104359751,True,MOMENTUM_SHIFT,False,True,False,65,True,70,DOWN,40,CORRECTIVE,LOW,DOWN,40,-0.0602,CORRECTIVE,55,30,50,WEAK,NONE,50,30,60,LOW,58,55,45,-1.06,False,65,0.9209501557632399,87.90498442367601,RANGING,90,False,NONE,0.845865,0.846168,0.845982,FAR,30,50,85,DOWN,DOWN,DOWN,100,DOWN,DOWN,DOWN,False,"['M1', 'M5', 'M15']",100,100,SIDEWAY_RANGE,SIDEWAY_RANGE,55,60,True,25,Price ranging between clear levels. Suitable for mean-reversion strategies.,MEDIUM,WAIT,5,1.0,0.5,False,False,False,False,0.3,0.3,True,False,False,18,True,SIDEWAY_RANGE,Price ranging between clear levels. Suitable for mean-reversion strategies.,LOW,NONE_OTC,0.073,[],True,100,60,MEDIUM,รอการวิเคราะห์จาก AI,รอการวิเคราะห์จาก AI,รอการวิเคราะห์จาก AI,รอการวิเคราะห์จาก AI
2026-07-03 00:04:00,0.845955,0.846085,0.845795,0.846065,1.0,EURGBP-OTC,BEARISH,0.846157,0.846325,0.846559,0.846845,0.847275,0.847928,BEARISH,0.84794,0.845576,0.002365,0.002568,39.34,42.56,-0.000255,-0.000174,-8.1e-05,12.13,14.94,0.000618,13.2,-1.06,0.000661,0.000685,10.73,15.47,20.37,13.69,-0.0602,1.0,1.0,1.0,False,-3e-05,-8.8e-05,-1.5e-05,0.845982,0.846168,0.846272,0.845878,0.845692,34,3.69,0.845865,0.846995,NO_VOLUME_DATA,0.846041,0.84612,0.846236,0.846452,41.89,42.56,-0.000136,-0.000101,14.45,11.86,0.000256,0.846851,0.845797,0.845982,0.846168,0.845878,1.0,1.0,0.846065,0.846085,0.845795,0.845955,NEW YORK,244616,HIGH,0.846065,0.846085,0.845795,0.845955,NEW YORK,244616,HIGH,NONE,BULLISH,BULLISH,WEAK,AT_PIVOT,LOW_WICK,BEARISH,CHAOTIC,TRUE,TESTING_PIVOT,NORMAL,52,20,-4.007285974500108,50,NEUTRAL,False,70,[],0,0,NEUTRAL,BULLISH,40,True,BEAR_TRAP,50,True,False,False,70,False,0,100,DOWN,NONE,DOWN,0,True,100,55,45,80,False,True,NEUTRAL,70,False,0.0,NONE,True,BEARISH,True,True,90,True,70,22.73449920508845,8.379446640316727,65.0,32,POOR,False,75,54,-0.11707679632218113,4,30.000000000000004,False,RANDOM,70,37.41619388464787,13.810969104359751,True,MOMENTUM_SHIFT,False,True,False,65,True,70,DOWN,40,CORRECTIVE,LOW,DOWN,40,-0.0602,CORRECTIVE,55,30,50,WEAK,NONE,50,30,60,LOW,58,55,45,-1.06,False,65,0.9209501557632399,87.90498442367601,RANGING,90,False,NONE,0.845865,0.846168,0.845982,FAR,30,50,85,DOWN,DOWN,DOWN,100,DOWN,DOWN,DOWN,False,"['M1', 'M5', 'M15']",100,100,SIDEWAY_RANGE,SIDEWAY_RANGE,55,60,True,25,Price ranging between clear levels. Suitable for mean-reversion strategies.,MEDIUM,WAIT,5,1.0,0.5,False,False,False,False,0.3,0.3,True,False,False,18,True,SIDEWAY_RANGE,Price ranging between clear levels. Suitable for mean-reversion strategies.,LOW,NONE_OTC,0.073,[],True,100,60,MEDIUM,รอการวิเคราะห์จาก AI,รอการวิเคราะห์จาก AI,รอการวิเคราะห์จาก AI,รอการวิเคราะห์จาก AI
2026-07-03 00:05:00,0.845955,0.846085,0.845795,0.846065,1.0,EURGBP-OTC,BEARISH,0.846241,0.84637,0.846582,0.846855,0.847279,0.847914,BEARISH,0.847928,0.845613,0.002316,0.002568,46.41,45.76,-0.000235,-0.00017,-6.5e-05,17.34,16.68,0.000645,51.81,0.14,0.000664,0.000685,10.06,17.38,18.98,4.41,-0.0307,1.0,1.0,1.0,False,-1.6e-05,-8.5e-05,-1.4e-05,0.846188,0.846582,0.846848,0.845922,0.845528,34,3.53,0.845865,0.846995,NO_VOLUME_DATA,0.846041,0.84612,0.846236,0.846452,41.89,42.56,-0.000136,-0.000101,14.45,11.86,0.000256,0.846851,0.845797,0.845982,0.846168,0.845878,1.0,1.0,0.846065,0.846085,0.845795,0.845955,NEW YORK,305537,HIGH,0.846065,0.846085,0.845795,0.845955,NEW YORK,305537,HIGH,NONE,BULLISH,BULLISH,WEAK,AT_PIVOT,LOW_WICK,NEUTRAL,CHAOTIC,TRUE,TESTING_PIVOT,NORMAL,53,20,-1.6918967052539993,50,NEUTRAL,False,70,[],0,0,NEUTRAL,BULLISH,40,True,BEAR_TRAP,50,True,False,False,70,False,0,100,DOWN,NONE,DOWN,0,True,100,55,45,80,False,True,NEUTRAL,70,False,0.0,NONE,True,BEARISH,True,True,90,True,70,18.04281345565689,6.221198156681892,65.0,29,POOR,False,75,54,-0.12353690480933738,4,30.000000000000004,False,RANDOM,70,37.37463193734969,13.437449660061775,True,MOMENTUM_SHIFT,False,True,False,65,True,70,DOWN,40,CHOPPY,HIGH,DOWN,40,-0.0307,CHOPPY,55,30,50,WEAK,NONE,50,30,60,HIGH,73,55,45,0.14,False,80,0.9018691588785046,64.36508411214953,RANGING,90,False,NONE,0.845865,0.846582,0.846188,FAR,30,50,85,DOWN,DOWN,DOWN,100,DOWN,DOWN,DOWN,False,"['M1', 'M5', 'M15']",100,100,SIDEWAY_RANGE,SIDEWAY_RANGE,51,60,True,23,Price ranging between clear levels. Suitable for mean-reversion strategies.,MEDIUM,WAIT,5,1.0,0.5,False,False,False,False,0.3,0.3,True,False,False,18,True,SIDEWAY_RANGE,Price ranging between clear levels. Suitable for mean-reversion strategies.,HIGH,NONE_OTC,0.076,[],True,100,60,MEDIUM,รอการวิเคราะห์จาก AI,รอการวิเคราะห์จาก AI,รอการวิเคราะห์จาก AI,รอการวิเคราะห์จาก AI
2026-07-03 00:06:00,0.845955,0.846085,0.845795,0.846065,1.0,EURGBP-OTC,BEARISH,0.846241,0.84637,0.846582,0.846855,0.847279,0.847914,BEARISH,0.847928,0.845613,0.002316,0.002568,46.41,45.76,-0.000235,-0.00017,-6.5e-05,17.34,16.68,0.000645,51.81,0.14,0.000664,0.000685,10.06,17.38,18.98,4.41,-0.0307,1.0,1.0,1.0,False,-1.6e-05,-8.5e-05,-1.4e-05,0.846188,0.846582,0.846848,0.845922,0.845528,34,3.53,0.845865,0.846995,NO_VOLUME_DATA,0.846041,0.84612,0.846236,0.846452,41.89,42.56,-0.000136,-0.000101,14.45,11.86,0.000256,0.846851,0.845797,0.845982,0.846168,0.845878,1.0,1.0,0.846065,0.846085,0.845795,0.845955,NEW YORK,364205,MEDIUM,0.846065,0.846085,0.845795,0.845955,NEW YORK,364205,MEDIUM,NONE,BULLISH,BULLISH,WEAK,AT_PIVOT,LOW_WICK,NEUTRAL,CHAOTIC,TRUE,TESTING_PIVOT,NORMAL,53,20,-1.6918967052539993,50,NEUTRAL,False,70,[],0,0,NEUTRAL,BULLISH,40,True,BEAR_TRAP,50,True,False,False,70,False,0,100,DOWN,NONE,DOWN,0,True,100,55,45,80,False,True,NEUTRAL,70,False,0.0,NONE,True,BEARISH,True,True,90,True,70,18.04281345565689,6.221198156681892,65.0,29,POOR,False,75,54,-0.12353690480933738,4,30.000000000000004,False,RANDOM,70,37.37463193734969,13.437449660061775,True,MOMENTUM_SHIFT,False,True,False,65,True,70,DOWN,40,CHOPPY,HIGH,DOWN,40,-0.0307,CHOPPY,55,30,50,WEAK,NONE,50,30,60,HIGH,73,55,45,0.14,False,80,0.9018691588785046,64.36508411214953,RANGING,90,False,NONE,0.845865,0.846582,0.846188,FAR,30,50,85,DOWN,DOWN,DOWN,100,DOWN,DOWN,DOWN,False,"['M1', 'M5', 'M15']",100,100,SIDEWAY_RANGE,SIDEWAY_RANGE,51,60,True,23,Price ranging between clear levels. Suitable for mean-reversion strategies.,MEDIUM,WAIT,5,1.0,0.5,False,False,False,False,0.3,0.3,True,False,False,18,True,SIDEWAY_RANGE,Price ranging between clear levels. Suitable for mean-reversion strategies.,HIGH,NONE_OTC,0.076,[],True,100,60,MEDIUM,รอการวิเคราะห์จาก AI,รอการวิเคราะห์จาก AI,รอการวิเคราะห์จาก AI,รอการวิเคราะห์จาก AI
2026-07-03 00:07:00,0.845955,0.846085,0.845795,0.846065,1.0,EURGBP-OTC,BEARISH,0.846241,0.84637,0.846582,0.846855,0.847279,0.847914,BEARISH,0.847928,0.845613,0.002316,0.002568,46.41,45.76,-0.000235,-0.00017,-6.5e-05,17.34,16.68,0.000645,51.81,0.14,0.000664,0.000685,10.06,17.38,18.98,4.41,-0.0307,1.0,1.0,1.0,False,-1.6e-05,-8.5e-05,-1.4e-05,0.846188,0.846582,0.846848,0.845922,0.845528,34,3.53,0.845865,0.846995,NO_VOLUME_DATA,0.846041,0.84612,0.846236,0.846452,41.89,42.56,-0.000136,-0.000101,14.45,11.86,0.000256,0.846851,0.845797,0.845982,0.846168,0.845878,1.0,1.0,0.846065,0.846085,0.845795,0.845955,NEW YORK,423922,MEDIUM,0.846065,0.846085,0.845795,0.845955,NEW YORK,423922,MEDIUM,NONE,BULLISH,BULLISH,WEAK,AT_PIVOT,LOW_WICK,NEUTRAL,CHAOTIC,TRUE,TESTING_PIVOT,NORMAL,53,20,-1.6918967052539993,50,NEUTRAL,False,70,[],0,0,NEUTRAL,BULLISH,40,True,BEAR_TRAP,50,True,False,False,70,False,0,100,DOWN,NONE,DOWN,0,True,100,55,45,80,False,True,NEUTRAL,70,False,0.0,NONE,True,BEARISH,True,True,90,True,70,18.04281345565689,6.221198156681892,65.0,29,POOR,False,75,54,-0.12353690480933738,4,30.000000000000004,False,RANDOM,70,37.37463193734969,13.437449660061775,True,MOMENTUM_SHIFT,False,True,False,65,True,70,DOWN,40,CHOPPY,HIGH,DOWN,40,-0.0307,CHOPPY,55,30,50,WEAK,NONE,50,30,60,HIGH,73,55,45,0.14,False,80,0.9018691588785046,64.36508411214953,RANGING,90,False,NONE,0.845865,0.846582,0.846188,FAR,30,50,85,DOWN,DOWN,DOWN,100,DOWN,DOWN,DOWN,False,"['M1', 'M5', 'M15']",100,100,SIDEWAY_RANGE,SIDEWAY_RANGE,51,60,True,23,Price ranging between clear levels. Suitable for mean-reversion strategies.,MEDIUM,WAIT,5,1.0,0.5,False,False,False,False,0.3,0.3,True,False,False,18,True,SIDEWAY_RANGE,Price ranging between clear levels. Suitable for mean-reversion strategies.,HIGH,NONE_OTC,0.076,[],True,100,60,MEDIUM,รอการวิเคราะห์จาก AI,รอการวิเคราะห์จาก AI,รอการวิเคราะห์จาก AI,รอการวิเคราะห์จาก AI
2026-07-03 00:08:00,0.845955,0.846085,0.845795,0.846065,1.0,EURGBP-OTC,BEARISH,0.846241,0.84637,0.846582,0.846855,0.847279,0.847914,BEARISH,0.847928,0.845613,0.002316,0.002568,46.41,45.76,-0.000235,-0.00017,-6.5e-05,17.34,16.68,0.000645,51.81,0.14,0.000664,0.000685,10.06,17.38,18.98,4.41,-0.0307,1.0,1.0,1.0,False,-1.6e-05,-8.5e-05,-1.4e-05,0.846188,0.846582,0.846848,0.845922,0.845528,34,3.53,0.845865,0.846995,NO_VOLUME_DATA,0.846041,0.84612,0.846236,0.846452,41.89,42.56,-0.000136,-0.000101,14.45,11.86,0.000256,0.846851,0.845797,0.845982,0.846168,0.845878,1.0,1.0,0.846065,0.846085,0.845795,0.845955,NEW YORK,484739,LOW,0.846065,0.846085,0.845795,0.845955,NEW YORK,484739,LOW,NONE,BULLISH,BULLISH,WEAK,AT_PIVOT,LOW_WICK,NEUTRAL,CHAOTIC,TRUE,TESTING_PIVOT,NORMAL,53,20,-1.6918967052539993,50,NEUTRAL,False,70,[],0,0,NEUTRAL,BULLISH,40,True,BEAR_TRAP,50,True,False,False,70,False,0,100,DOWN,NONE,DOWN,0,True,100,55,45,80,False,True,NEUTRAL,70,False,0.0,NONE,True,BEARISH,True,True,90,True,70,18.04281345565689,6.221198156681892,65.0,29,POOR,False,75,54,-0.12353690480933738,4,30.000000000000004,False,RANDOM,70,37.37463193734969,13.437449660061775,True,MOMENTUM_SHIFT,False,True,False,65,True,70,DOWN,40,CHOPPY,HIGH,DOWN,40,-0.0307,CHOPPY,55,30,50,WEAK,NONE,50,30,60,HIGH,73,55,45,0.14,False,80,0.9018691588785046,64.36508411214953,RANGING,90,False,NONE,0.845865,0.846582,0.846188,FAR,30,50,85,DOWN,DOWN,DOWN,100,DOWN,DOWN,DOWN,False,"['M1', 'M5', 'M15']",100,100,SIDEWAY_RANGE,SIDEWAY_RANGE,51,60,True,23,Price ranging between clear levels. Suitable for mean-reversion strategies.,MEDIUM,WAIT,5,1.0,0.5,False,False,False,False,0.3,0.3,True,False,False,18,True,SIDEWAY_RANGE,Price ranging between clear levels. Suitable for mean-reversion strategies.,HIGH,NONE_OTC,0.076,[],True,100,60,MEDIUM,รอการวิเคราะห์จาก AI,รอการวิเคราะห์จาก AI,รอการวิเคราะห์จาก AI,รอการวิเคราะห์จาก AI
2026-07-03 00:28:00,0.847355,0.847365,0.846885,0.846985,1.0,EURGBP-OTC,BULLISH,0.846972,0.846814,0.846773,0.846892,0.847253,0.847817,BULLISH,0.847559,0.845765,0.001794,0.002575,55.87,52.75,2e-06,-9.6e-05,9.7e-05,76.67,77.22,0.000653,59.6,0.31,0.000656,0.000676,12.24,20.04,13.69,18.85,0.0721,1.0,1.0,1.0,False,0.000123,-1e-06,-1.5e-05,0.847095,0.847315,0.847585,0.846825,0.846605,20,3.0,0.845795,0.846995,NO_VOLUME_DATA,0.847049,0.846991,0.846882,0.846719,51.24,54.23,0.000144,0.000141,68.62,63.72,0.000274,0.847348,0.84655,0.847078,0.847272,0.846792,1.0,1.0,0.846985,0.847365,0.846885,0.847355,NEW YORK,184107,HIGH,0.846985,0.847365,0.846885,0.847355,NEW YORK,184107,HIGH,NONE,BEARISH,BEARISH,WEAK,AT_PIVOT,HIGH_WICK,NEUTRAL,CHAOTIC,NONE,TESTING_PIVOT,NORMAL,51,20,-4.494382022470251,50,NEUTRAL,False,70,[],0,0,NEUTRAL,BEARISH,40,False,NONE,0,False,False,False,60,False,0,50,NONE,NONE,NONE,0,False,50,55,45,80,False,True,NEUTRAL,70,False,0.0,NONE,False,NONE,False,False,0,False,60,9.262166405023406,1.3168086754454205,65.0,25,POOR,False,75,56,-0.13703275053488004,4,40.0,False,RANDOM,70,46.175613585416315,4.3104136834506,True,MOMENTUM_SHIFT,False,True,False,65,True,70,NONE,100,CHOPPY,HIGH,NONE,100,0.0721,CHOPPY,20,50,30,WEAK,NONE,50,30,60,HIGH,73,55,45,0.31,False,80,0.6966990291262136,68.32,RANGING,90,False,NONE,0.845795,0.846995,0.847095,FAR,30,50,85,UP,NONE,NONE,33,UP,NONE,UP,False,"['M1', 'M5', 'M15']",33,33,SIDEWAY_RANGE,SIDEWAY_RANGE,55,60,True,24,Price ranging between clear levels. Suitable for mean-reversion strategies.,MEDIUM,WAIT,5,1.0,0.5,False,False,True,True,0.3,0.3,True,False,False,18,True,SIDEWAY_RANGE,Price ranging between clear levels. Suitable for mean-reversion strategies.,HIGH,NONE_OTC,0.077,[],True,33,60,MEDIUM,รอการวิเคราะห์จาก AI,รอการวิเคราะห์จาก AI,รอการวิเคราะห์จาก AI,รอการวิเคราะห์จาก AI
2026-07-03 00:29:00,0.847355,0.847365,0.846885,0.846985,1.0,EURGBP-OTC,BULLISH,0.846972,0.846814,0.846773,0.846892,0.847253,0.847817,BULLISH,0.847559,0.845765,0.001794,0.002575,55.87,52.75,2e-06,-9.6e-05,9.7e-05,76.67,77.22,0.000653,59.6,0.31,0.000656,0.000676,12.24,20.04,13.69,18.85,0.0721,1.0,1.0,1.0,False,0.000123,-1e-06,-1.5e-05,0.847095,0.847315,0.847585,0.846825,0.846605,20,3.0,0.845795,0.846995,NO_VOLUME_DATA,0.847049,0.846991,0.846882,0.846719,51.24,54.23,0.000144,0.000141,68.62,63.72,0.000274,0.847348,0.84655,0.847078,0.847272,0.846792,1.0,1.0,0.846985,0.847365,0.846885,0.847355,NEW YORK,244847,HIGH,0.846985,0.847365,0.846885,0.847355,NEW YORK,244847,HIGH,NONE,BEARISH,BEARISH,WEAK,AT_PIVOT,HIGH_WICK,NEUTRAL,CHAOTIC,NONE,TESTING_PIVOT,NORMAL,51,20,-4.494382022470251,50,NEUTRAL,False,70,[],0,0,NEUTRAL,BEARISH,40,False,NONE,0,False,False,False,60,False,0,50,NONE,NONE,NONE,0,False,50,55,45,80,False,True,NEUTRAL,70,False,0.0,NONE,False,NONE,False,False,0,False,60,9.262166405023406,1.3168086754454205,65.0,25,POOR,False,75,56,-0.13703275053488004,4,40.0,False,RANDOM,70,46.175613585416315,4.3104136834506,True,MOMENTUM_SHIFT,False,True,False,65,True,70,NONE,100,CHOPPY,HIGH,NONE,100,0.0721,CHOPPY,20,50,30,WEAK,NONE,50,30,60,HIGH,73,55,45,0.31,False,80,0.6966990291262136,68.32,RANGING,90,False,NONE,0.845795,0.846995,0.847095,FAR,30,50,85,UP,NONE,NONE,33,UP,NONE,UP,False,"['M1', 'M5', 'M15']",33,33,SIDEWAY_RANGE,SIDEWAY_RANGE,55,60,True,24,Price ranging between clear levels. Suitable for mean-reversion strategies.,MEDIUM,WAIT,5,1.0,0.5,False,False,True,True,0.3,0.3,True,False,False,18,True,SIDEWAY_RANGE,Price ranging between clear levels. Suitable for mean-reversion strategies.,HIGH,NONE_OTC,0.077,[],True,33,60,MEDIUM,รอการวิเคราะห์จาก AI,รอการวิเคราะห์จาก AI,รอการวิเคราะห์จาก AI,รอการวิเคราะห์จาก AI
2026-07-03 00:30:00,0.847355,0.847365,0.846885,0.846985,1.0,EURGBP-OTC,BEARISH,0.846918,0.846785,0.846757,0.846886,0.847254,0.84786,BULLISH,0.84754,0.845768,0.001772,0.002574,52.66,51.11,-1.1e-05,-9.8e-05,8.7e-05,73.47,76.16,0.000659,59.84,0.26,0.000657,0.000676,12.24,19.87,13.57,18.85,0.0532,1.0,1.0,1.0,False,0.000114,-3e-06,-1.5e-05,0.847015,0.847235,0.847585,0.846665,0.846445,20,2.97,0.845795,0.846995,NO_VOLUME_DATA,0.847049,0.846991,0.846882,0.846719,51.24,54.23,0.000144,0.000141,68.62,63.72,0.000274,0.847348,0.84655,0.847078,0.847272,0.846792,1.0,1.0,0.846985,0.847365,0.846885,0.847355,NEW YORK,305892,HIGH,0.846985,0.847365,0.846885,0.847355,NEW YORK,305892,HIGH,NONE,BEARISH,BEARISH,WEAK,AT_PIVOT,HIGH_WICK,NEUTRAL,CHAOTIC,NONE,TESTING_PIVOT,NORMAL,52,20,-5.904059040589223,50,NEUTRAL,False,70,[],0,0,NEUTRAL,BEARISH,40,False,NONE,0,False,False,False,60,False,0,50,NONE,NONE,NONE,0,False,50,55,45,80,False,True,NEUTRAL,70,False,0.0,NONE,False,NONE,False,False,0,False,60,11.485451761103171,2.5404157043883835,65.0,26,POOR,False,75,56,-0.14689837185366192,4,40.0,False,RANDOM,70,45.249683929778065,4.989054399121805,True,MOMENTUM_SHIFT,False,True,False,65,True,70,NONE,100,CHOPPY,HIGH,NONE,100,0.0532,CHOPPY,20,50,30,WEAK,NONE,50,40,60,HIGH,73,55,45,0.26,False,80,0.6884226884226884,68.128,RANGING,90,False,NONE,0.845795,0.846995,0.847015,FAR,30,50,85,UP,NONE,DOWN,33,NONE,DOWN,UP,True,"['M1', 'M5', 'M15']",33,33,SIDEWAY_RANGE,SIDEWAY_RANGE,55,60,True,24,Price ranging between clear levels. Suitable for mean-reversion strategies.,MEDIUM,WAIT,5,1.0,0.5,False,False,True,True,0.3,0.3,True,False,False,18,True,SIDEWAY_RANGE,Price ranging between clear levels. Suitable for mean-reversion strategies.,HIGH,NONE_OTC,0.078,[],True,33,60,MEDIUM,รอการวิเคราะห์จาก AI,รอการวิเคราะห์จาก AI,รอการวิเคราะห์จาก AI,รอการวิเคราะห์จาก AI
2026-07-03 01:03:00,0.847525,0.847575,0.847265,0.847295,1.0,EURGBP-OTC,BULLISH,0.847361,0.84717,0.846999,0.846963,0.847241,0.847763,BULLISH,0.847834,0.845713,0.002122,0.002536,62.77,56.96,0.000155,4.5e-05,0.00011,87.02,87.27,0.000618,14.8,-1.1,0.00065,0.000659,13.32,20.72,15.21,15.34,0.0933,1.0,1.0,1.0,False,8e-05,7.1e-05,2e-06,0.847448,0.847672,0.847798,0.847322,0.847098,26,3.07,0.846165,0.847695,NO_VOLUME_DATA,0.84737,0.847343,0.847259,0.847056,48.61,52.42,0.000119,0.000128,58.85,54.51,0.000272,0.847672,0.84697,0.847378,0.847492,0.847182,1.0,1.0,0.847295,0.847575,0.847265,0.847525,NEW YORK,183963,HIGH,0.847295,0.847575,0.847265,0.847525,NEW YORK,183963,HIGH,DOJI,BULLISH,BULLISH,WEAK,AT_PIVOT,LOW_WICK,NEUTRAL,CHAOTIC,TRUE,TESTING_PIVOT,NORMAL,45,30,-5.538140020896787,50,NEUTRAL,False,70,['DOJI'],1,20,NEUTRAL,BULLISH,60,True,REJECTION,25,False,False,True,70,False,0,100,UP,NONE,NONE,0,True,100,55,45,80,False,True,NEUTRAL,70,False,0.0,NONE,False,NONE,False,False,0,False,60,20.351390922401528,12.733171127331325,55.00000000000001,29,POOR,False,75,53,-0.1794563698064026,4,19.999999999999996,False,RANDOM,70,41.62450469012915,9.628208997500575,True,MOMENTUM_SHIFT,False,True,False,65,True,70,NONE,80,CHOPPY,LOW,NONE,80,0.0933,CHOPPY,20,50,30,WEAK,NONE,50,30,60,LOW,58,55,45,-1.1,False,65,0.8367507886435331,96.32492113564669,RANGING,90,False,NONE,0.846165,0.847672,0.847448,FAR,30,50,85,UP,UP,NONE,66,UP,NONE,UP,False,"['M1', 'M5', 'M15']",66,66,SIDEWAY_RANGE,SIDEWAY_RANGE,55,60,True,26,Price ranging between clear levels. Suitable for mean-reversion strategies.,MEDIUM,WAIT,5,1.0,0.5,False,False,True,True,0.3,0.3,True,False,False,18,True,SIDEWAY_RANGE,Price ranging between clear levels. Suitable for mean-reversion strategies.,LOW,NONE_OTC,0.073,[],True,66,60,MEDIUM,รอการวิเคราะห์จาก AI,รอการวิเคราะห์จาก AI,รอการวิเคราะห์จาก AI,รอการวิเคราะห์จาก AI
2026-07-03 01:04:00,0.847525,0.847575,0.847265,0.847295,1.0,EURGBP-OTC,BULLISH,0.847361,0.84717,0.846999,0.846963,0.847241,0.847763,BULLISH,0.847834,0.845713,0.002122,0.002536,62.77,56.96,0.000155,4.5e-05,0.00011,87.02,87.27,0.000618,14.8,-1.1,0.00065,0.000659,13.32,20.72,15.21,15.34,0.0933,1.0,1.0,1.0,False,8e-05,7.1e-05,2e-06,0.847448,0.847672,0.847798,0.847322,0.847098,26,3.07,0.846165,0.847695,NO_VOLUME_DATA,0.84737,0.847343,0.847259,0.847056,48.61,52.42,0.000119,0.000128,58.85,54.51,0.000272,0.847672,0.84697,0.847378,0.847492,0.847182,1.0,1.0,0.847295,0.847575,0.847265,0.847525,NEW YORK,244519,HIGH,0.847295,0.847575,0.847265,0.847525,NEW YORK,244519,HIGH,DOJI,BULLISH,BULLISH,WEAK,AT_PIVOT,LOW_WICK,NEUTRAL,CHAOTIC,TRUE,TESTING_PIVOT,NORMAL,45,30,-5.538140020896787,50,NEUTRAL,False,70,['DOJI'],1,20,NEUTRAL,BULLISH,60,True,REJECTION,25,False,False,True,70,False,0,100,UP,NONE,NONE,0,True,100,55,45,80,False,True,NEUTRAL,70,False,0.0,NONE,False,NONE,False,False,0,False,60,20.351390922401528,12.733171127331325,55.00000000000001,29,POOR,False,75,53,-0.1794563698064026,4,19.999999999999996,False,RANDOM,70,41.62450469012915,9.628208997500575,True,MOMENTUM_SHIFT,False,True,False,65,True,70,NONE,80,CHOPPY,LOW,NONE,80,0.0933,CHOPPY,20,50,30,WEAK,NONE,50,30,60,LOW,58,55,45,-1.1,False,65,0.8367507886435331,96.32492113564669,RANGING,90,False,NONE,0.846165,0.847672,0.847448,FAR,30,50,85,UP,UP,NONE,66,UP,NONE,UP,False,"['M1', 'M5', 'M15']",66,66,SIDEWAY_RANGE,SIDEWAY_RANGE,55,60,True,26,Price ranging between clear levels. Suitable for mean-reversion strategies.,MEDIUM,WAIT,5,1.0,0.5,False,False,True,True,0.3,0.3,True,False,False,18,True,SIDEWAY_RANGE,Price ranging between clear levels. Suitable for mean-reversion strategies.,LOW,NONE_OTC,0.073,[],True,66,60,MEDIUM,รอการวิเคราะห์จาก AI,รอการวิเคราะห์จาก AI,รอการวิเคราะห์จาก AI,รอการวิเคราะห์จาก AI
2026-07-03 01:05:00,0.847525,0.847575,0.847265,0.847295,1.0,EURGBP-OTC,BULLISH,0.847424,0.847204,0.847017,0.84697,0.847242,0.847734,BULLISH,0.847874,0.845692,0.002183,0.002537,65.92,58.69,0.000171,4.8e-05,0.000122,87.86,87.56,0.000638,27.71,-0.59,0.000652,0.000659,13.77,22.9,14.75,21.63,0.1157,1.0,1.0,1.0,False,9e-05,7.4e-05,2e-06,0.847602,0.847978,0.848222,0.847358,0.846982,27,3.21,0.846165,0.847465,NO_VOLUME_DATA,0.84737,0.847343,0.847259,0.847056,48.61,52.42,0.000119,0.000128,58.85,54.51,0.000272,0.847672,0.84697,0.847378,0.847492,0.847182,1.0,1.0,0.847295,0.847575,0.847265,0.847525,NEW YORK,305231,HIGH,0.847295,0.847575,0.847265,0.847525,NEW YORK,305231,HIGH,NONE,BULLISH,BULLISH,WEAK,AT_PIVOT,LOW_WICK,BULLISH,CHAOTIC,NONE,TESTING_PIVOT,NORMAL,46,26,-3.4836065573749275,50,NEUTRAL,False,70,[],0,0,NEUTRAL,BULLISH,40,False,NONE,0,False,False,False,60,False,0,100,UP,NONE,NONE,0,True,100,82,18,80,True,True,CONTINUATION,70,False,0.0,NONE,False,NONE,False,False,0,False,60,22.50712250712315,13.968253968253777,55.00000000000001,30,POOR,False,75,53,-0.17377900209182826,4,19.999999999999996,False,RANDOM,70,41.93112556852943,9.636854321674036,True,MOMENTUM_SHIFT,False,True,False,65,True,70,NONE,80,CHOPPY,NORMAL,NONE,80,0.1157,CHOPPY,20,50,30,WEAK,NONE,50,30,60,NORMAL,58,55,45,-0.59,False,80,0.8604651162790697,87.78548837209303,RANGING,90,False,NONE,0.846165,0.847465,0.847602,FAR,30,50,85,UP,UP,NONE,66,UP,NONE,UP,False,"['M1', 'M5', 'M15']",66,66,SIDEWAY_RANGE,SIDEWAY_RANGE,57,60,True,26,Price ranging between clear levels. Suitable for mean-reversion strategies.,MEDIUM,WAIT,5,1.0,0.5,False,False,True,True,0.3,0.3,True,False,False,18,True,SIDEWAY_RANGE,Price ranging between clear levels. Suitable for mean-reversion strategies.,NORMAL,NONE_OTC,0.075,[],True,66,60,MEDIUM,รอการวิเคราะห์จาก AI,รอการวิเคราะห์จาก AI,รอการวิเคราะห์จาก AI,รอการวิเคราะห์จาก AI
2026-07-03 01:08:00,0.847745,0.847865,0.847655,0.847835,1.0,EURGBP-OTC,BULLISH,0.847588,0.847334,0.847103,0.847007,0.847255,0.847736,BULLISH,0.848011,0.845749,0.002262,0.002527,68.84,60.32,0.000219,8.2e-05,0.000137,94.79,89.85,0.000614,6.4,-1.19,0.000649,0.000657,14.53,23.38,14.24,24.3,0.0673,1.0,1.0,1.0,False,0.000107,7.8e-05,5e-06,0.847842,0.848028,0.848142,0.847728,0.847542,28,3.52,0.846165,0.847465,NO_VOLUME_DATA,0.847676,0.84756,0.847418,0.847164,71.38,63.81,0.000174,0.000142,89.17,80.52,0.000279,0.84785,0.846991,0.847785,0.847915,0.847705,1.0,1.0,0.847835,0.847865,0.847655,0.847745,NEW YORK,183887,HIGH,0.847835,0.847865,0.847655,0.847745,NEW YORK,183887,HIGH,NONE,BULLISH,BULLISH,WEAK,AT_PIVOT,LOW_WICK,BULLISH,NOISY,NONE,TESTING_PIVOT,NORMAL,46,26,6.434023991278244,50,NEUTRAL,False,70,[],0,0,NEUTRAL,BULLISH,40,False,NONE,0,False,False,False,60,False,0,100,UP,NONE,NONE,0,True,100,82,18,80,True,True,CONTINUATION,70,False,0.0,NONE,False,NONE,False,False,0,False,60,27.63532763532714,15.004055150040625,50.0,30,POOR,False,75,54,-0.15682462838517824,4,30.000000000000004,False,RANDOM,70,41.24050421968485,10.508290796829206,True,MOMENTUM_SHIFT,False,True,False,65,True,70,NONE,100,CHOPPY,LOW,NONE,100,0.0673,CHOPPY,20,50,30,WEAK,NONE,55,30,65,LOW,58,55,45,-1.19,False,65,0.8951,90.49,RANGING,90,False,NONE,0.846165,0.847465,0.847842,FAR,30,50,85,UP,UP,NONE,66,UP,NONE,UP,False,"['M1', 'M5', 'M15']",66,66,SIDEWAY_RANGE,SIDEWAY_RANGE,63,51,False,10,Price ranging between clear levels. Suitable for mean-reversion strategies.,HIGH,WAIT,5,1.0,0.8,False,False,True,True,0.3,0.3,True,False,False,18,True,SIDEWAY_RANGE,Price ranging between clear levels. Suitable for mean-reversion strategies.,LOW,NONE_OTC,0.072,[],False,66,51,HIGH,รอการวิเคราะห์จาก AI,รอการวิเคราะห์จาก AI,รอการวิเคราะห์จาก AI,รอการวิเคราะห์จาก AI
2026-07-03 01:09:00,0.847745,0.847865,0.847655,0.847835,1.0,EURGBP-OTC,BULLISH,0.847588,0.847334,0.847103,0.847007,0.847255,0.847736,BULLISH,0.848011,0.845749,0.002262,0.002527,68.84,60.32,0.000219,8.2e-05,0.000137,94.79,89.85,0.000614,6.4,-1.19,0.000649,0.000657,14.53,23.38,14.24,24.3,0.0673,1.0,1.0,1.0,False,0.000107,7.8e-05,5e-06,0.847842,0.848028,0.848142,0.847728,0.847542,28,3.52,0.846165,0.847465,NO_VOLUME_DATA,0.847676,0.84756,0.847418,0.847164,71.38,63.81,0.000174,0.000142,89.17,80.52,0.000279,0.84785,0.846991,0.847785,0.847915,0.847705,1.0,1.0,0.847835,0.847865,0.847655,0.847745,NEW YORK,244229,HIGH,0.847835,0.847865,0.847655,0.847745,NEW YORK,244229,HIGH,NONE,BULLISH,BULLISH,WEAK,AT_PIVOT,LOW_WICK,BULLISH,NOISY,NONE,TESTING_PIVOT,NORMAL,46,26,6.434023991278244,50,NEUTRAL,False,70,[],0,0,NEUTRAL,BULLISH,40,False,NONE,0,False,False,False,60,False,0,100,UP,NONE,NONE,0,True,100,82,18,80,True,True,CONTINUATION,70,False,0.0,NONE,False,NONE,False,False,0,False,60,27.63532763532714,15.004055150040625,50.0,30,POOR,False,75,54,-0.15682462838517824,4,30.000000000000004,False,RANDOM,70,41.24050421968485,10.508290796829206,True,MOMENTUM_SHIFT,False,True,False,65,True,70,NONE,100,CHOPPY,LOW,NONE,100,0.0673,CHOPPY,20,50,30,WEAK,NONE,55,30,65,LOW,58,55,45,-1.19,False,65,0.8951,90.49,RANGING,90,False,NONE,0.846165,0.847465,0.847842,FAR,30,50,85,UP,UP,NONE,66,UP,NONE,UP,False,"['M1', 'M5', 'M15']",66,66,SIDEWAY_RANGE,SIDEWAY_RANGE,63,51,False,10,Price ranging between clear levels. Suitable for mean-reversion strategies.,HIGH,WAIT,5,1.0,0.8,False,False,True,True,0.3,0.3,True,False,False,18,True,SIDEWAY_RANGE,Price ranging between clear levels. Suitable for mean-reversion strategies.,LOW,NONE_OTC,0.072,[],False,66,51,HIGH,รอการวิเคราะห์จาก AI,รอการวิเคราะห์จาก AI,รอการวิเคราะห์จาก AI,รอการวิเคราะห์จาก AI
2026-07-03 01:10:00,0.847745,0.847865,0.847655,0.847835,1.0,EURGBP-OTC,BULLISH,0.847664,0.847375,0.847124,0.847016,0.847262,0.847762,BULLISH,0.848068,0.845715,0.002353,0.002528,71.91,62.22,0.000238,8.6e-05,0.000152,94.17,89.64,0.000634,25.7,-0.71,0.000651,0.000657,14.96,25.79,13.79,30.34,0.0944,1.0,1.0,1.0,False,0.000119,8.1e-05,6e-06,0.848012,0.848368,0.848592,0.847788,0.847432,47,3.85,0.846165,0.847465,NO_VOLUME_DATA,0.847676,0.84756,0.847418,0.847164,71.38,63.81,0.000174,0.000142,89.17,80.52,0.000279,0.84785,0.846991,0.847785,0.847915,0.847705,1.0,1.0,0.847835,0.847865,0.847655,0.847745,NEW YORK,305177,HIGH,0.847835,0.847865,0.847655,0.847745,NEW YORK,305177,HIGH,NONE,BULLISH,BULLISH,WEAK,AT_PIVOT,LOW_WICK,BULLISH,NOISY,NONE,TESTING_PIVOT,NORMAL,46,26,8.723404255322103,50,NEUTRAL,False,70,[],0,0,NEUTRAL,BULLISH,40,False,NONE,0,False,False,False,60,False,0,100,UP,NONE,NONE,0,True,100,82,18,80,True,True,CONTINUATION,70,False,0.0,NONE,False,NONE,False,False,0,False,60,29.931034482758783,16.494845360825376,50.0,32,POOR,False,75,54,-0.1508239499015308,4,30.000000000000004,False,RANDOM,70,41.63110623822886,10.499267887409532,True,MOMENTUM_SHIFT,False,True,True,35,False,70,NONE,100,CHOPPY,NORMAL,NONE,100,0.0944,CHOPPY,20,50,30,WEAK,NONE,55,30,65,NORMAL,58,55,45,-0.71,False,80,0.9308,82.36,RANGING,90,False,NONE,0.846165,0.847465,0.848012,FAR,30,50,85,UP,UP,NONE,66,UP,NONE,UP,False,"['M1', 'M5', 'M15']",66,66,SIDEWAY_RANGE,SIDEWAY_RANGE,63,51,False,10,Price ranging between clear levels. Suitable for mean-reversion strategies.,HIGH,WAIT,5,1.0,0.8,False,False,True,True,0.3,0.3,True,False,False,18,True,SIDEWAY_RANGE,Price ranging between clear levels. Suitable for mean-reversion strategies.,NORMAL,NONE_OTC,0.075,[],False,66,51,HIGH,รอการวิเคราะห์จาก AI,รอการวิเคราะห์จาก AI,รอการวิเคราะห์จาก AI,รอการวิเคราะห์จาก AI
2026-07-03 01:11:00,0.847745,0.847865,0.847655,0.847835,1.0,EURGBP-OTC,BULLISH,0.847664,0.847375,0.847124,0.847016,0.847262,0.847762,BULLISH,0.848068,0.845715,0.002353,0.002528,71.91,62.22,0.000238,8.6e-05,0.000152,94.17,89.64,0.000634,25.7,-0.71,0.000651,0.000657,14.96,25.79,13.79,30.34,0.0944,1.0,1.0,1.0,False,0.000119,8.1e-05,6e-06,0.848012,0.848368,0.848592,0.847788,0.847432,47,3.85,0.846165,0.847465,NO_VOLUME_DATA,0.847676,0.84756,0.847418,0.847164,71.38,63.81,0.000174,0.000142,89.17,80.52,0.000279,0.84785,0.846991,0.847785,0.847915,0.847705,1.0,1.0,0.847835,0.847865,0.847655,0.847745,NEW YORK,363597,MEDIUM,0.847835,0.847865,0.847655,0.847745,NEW YORK,363597,MEDIUM,NONE,BULLISH,BULLISH,WEAK,AT_PIVOT,LOW_WICK,BULLISH,NOISY,NONE,TESTING_PIVOT,NORMAL,46,26,8.723404255322103,50,NEUTRAL,False,70,[],0,0,NEUTRAL,BULLISH,40,False,NONE,0,False,False,False,60,False,0,100,UP,NONE,NONE,0,True,100,82,18,80,True,True,CONTINUATION,70,False,0.0,NONE,False,NONE,False,False,0,False,60,29.931034482758783,16.494845360825376,50.0,32,POOR,False,75,54,-0.1508239499015308,4,30.000000000000004,False,RANDOM,70,41.63110623822886,10.499267887409532,True,MOMENTUM_SHIFT,False,True,True,35,False,70,NONE,100,CHOPPY,NORMAL,NONE,100,0.0944,CHOPPY,20,50,30,WEAK,NONE,55,30,65,NORMAL,58,55,45,-0.71,False,80,0.9308,82.36,RANGING,90,False,NONE,0.846165,0.847465,0.848012,FAR,30,50,85,UP,UP,NONE,66,UP,NONE,UP,False,"['M1', 'M5', 'M15']",66,66,SIDEWAY_RANGE,SIDEWAY_RANGE,63,51,False,10,Price ranging between clear levels. Suitable for mean-reversion strategies.,HIGH,WAIT,5,1.0,0.8,False,False,True,True,0.3,0.3,True,False,False,18,True,SIDEWAY_RANGE,Price ranging between clear levels. Suitable for mean-reversion strategies.,NORMAL,NONE_OTC,0.075,[],False,66,51,HIGH,รอการวิเคราะห์จาก AI,รอการวิเคราะห์จาก AI,รอการวิเคราะห์จาก AI,รอการวิเคราะห์จาก AI
2026-07-03 01:54:00,0.847935,0.848095,0.847815,0.847945,1.0,EURGBP-OTC,BULLISH,0.848174,0.848176,0.847887,0.847449,0.847463,0.847863,BULLISH,0.849446,0.846132,0.003314,0.002453,47.37,52.26,0.000381,0.000401,-2e-05,47.17,55.8,0.000665,54.0,-0.15,0.000682,0.000652,22.98,21.94,15.87,16.05,-0.0212,1.0,1.0,1.0,False,-4e-05,0.000104,2.6e-05,0.847958,0.848102,0.848238,0.847822,0.847678,22,5.2,0.847645,0.849625,NO_VOLUME_DATA,0.848,0.848111,0.848282,0.848231,33.27,39.4,-0.000165,-9.6e-05,12.79,12.78,0.000291,0.849198,0.847591,0.847952,0.848088,0.847808,1.0,1.0,0.847945,0.848095,0.847815,0.847935,NEW YORK,243982,HIGH,0.847945,0.848095,0.847815,0.847935,NEW YORK,243982,HIGH,NONE,BULLISH,BULLISH,WEAK,AT_PIVOT,LOW_WICK,NEUTRAL,CHAOTIC,NONE,TESTING_PIVOT,NORMAL,54,16,14.143094841934195,50,NEUTRAL,False,70,[],0,0,NEUTRAL,BULLISH,40,False,NONE,0,False,False,False,60,False,0,100,UP,NONE,NONE,0,True,100,55,45,80,False,True,NEUTRAL,70,False,0.0,NONE,False,NONE,False,False,0,False,60,8.77993158494803,8.916728076639101,50.0,22,POOR,False,75,48,-0.21926668394660578,4,89.99999999999999,False,RANDOM,70,43.302463852206266,7.251266041534806,True,MOMENTUM_SHIFT,False,True,False,65,True,70,NONE,60,CHOPPY,HIGH,NONE,60,-0.0212,CHOPPY,20,50,30,NORMAL,NONE,60,30,70,HIGH,73,40,60,-0.15,False,80,1.351,17.7,RANGING,90,False,NONE,0.847645,0.848102,0.847958,FAR,30,50,85,NONE,UP,NONE,33,UP,NONE,NONE,False,"['M1', 'M5', 'M15']",33,33,ACCUMULATION,ACCUMULATION,50,65,True,28,"Smart money accumulation. Bullish bias, look for breakout.",MEDIUM,WAIT,5,1.0,0.5,False,False,True,True,0.3,0.3,True,False,False,18,True,ACCUMULATION,"Smart money accumulation. Bullish bias, look for breakout.",HIGH,NONE_OTC,0.078,[],True,33,65,MEDIUM,รอการวิเคราะห์จาก AI,รอการวิเคราะห์จาก AI,รอการวิเคราะห์จาก AI,รอการวิเคราะห์จาก AI
2026-07-03 01:55:00,0.847935,0.848095,0.847815,0.847945,1.0,EURGBP-OTC,BULLISH,0.848154,0.848165,0.847881,0.847447,0.847461,0.847856,BULLISH,0.849442,0.84613,0.003312,0.002453,46.33,51.74,0.000376,0.0004,-2.4e-05,46.39,55.54,0.000669,71.49,0.6,0.000683,0.000652,22.84,21.79,16.41,14.1,-0.0283,1.0,1.0,1.0,False,-4.3e-05,0.000103,2.6e-05,0.847918,0.848082,0.848258,0.847742,0.847578,22,5.17,0.847645,0.849625,NO_VOLUME_DATA,0.848,0.848111,0.848282,0.848231,33.27,39.4,-0.000165,-9.6e-05,12.79,12.78,0.000291,0.849198,0.847591,0.847952,0.848088,0.847808,1.0,1.0,0.847945,0.848095,0.847815,0.847935,NEW YORK,305886,HIGH,0.847945,0.848095,0.847815,0.847935,NEW YORK,305886,HIGH,DOJI,BEARISH,BEARISH,WEAK,AT_PIVOT,LOW_WICK,NEUTRAL,CHAOTIC,NONE,TESTING_PIVOT,NORMAL,54,16,13.643926788690026,50,NEUTRAL,False,70,['DOJI'],1,20,NEUTRAL,BEARISH,60,False,NONE,0,False,False,False,60,False,0,100,UP,NONE,NONE,0,True,100,55,45,80,False,True,NEUTRAL,70,False,0.0,NONE,False,NONE,False,False,0,False,60,8.095781071835722,8.437270726338825,55.00000000000001,23,POOR,False,75,48,-0.21796306812650698,4,89.99999999999999,False,RANDOM,70,43.39797087404544,7.056293675984239,True,MOMENTUM_SHIFT,False,True,False,65,True,70,NONE,60,CHOPPY,HIGH,NONE,60,-0.0283,CHOPPY,20,50,30,NORMAL,NONE,60,30,70,HIGH,73,40,60,0.6,False,80,1.3502,3.79,RANGING,90,False,NONE,0.847645,0.848082,0.847918,FAR,30,50,85,NONE,UP,NONE,33,UP,NONE,NONE,False,"['M1', 'M5', 'M15']",33,33,ACCUMULATION,ACCUMULATION,50,65,True,28,"Smart money accumulation. Bullish bias, look for breakout.",MEDIUM,WAIT,5,1.0,0.5,False,False,True,True,0.3,0.3,True,False,False,22,True,ACCUMULATION,"Smart money accumulation. Bullish bias, look for breakout.",HIGH,NONE_OTC,0.079,[],True,33,65,MEDIUM,รอการวิเคราะห์จาก AI,รอการวิเคราะห์จาก AI,รอการวิเคราะห์จาก AI,รอการวิเคราะห์จาก AI
2026-07-03 01:56:00,0.847935,0.848095,0.847815,0.847945,1.0,EURGBP-OTC,BULLISH,0.848154,0.848165,0.847881,0.847447,0.847461,0.847856,BULLISH,0.849442,0.84613,0.003312,0.002453,46.33,51.74,0.000376,0.0004,-2.4e-05,46.39,55.54,0.000669,71.49,0.6,0.000683,0.000652,22.84,21.79,16.41,14.1,-0.0283,1.0,1.0,1.0,False,-4.3e-05,0.000103,2.6e-05,0.847918,0.848082,0.848258,0.847742,0.847578,22,5.17,0.847645,0.849625,NO_VOLUME_DATA,0.848,0.848111,0.848282,0.848231,33.27,39.4,-0.000165,-9.6e-05,12.79,12.78,0.000291,0.849198,0.847591,0.847952,0.848088,0.847808,1.0,1.0,0.847945,0.848095,0.847815,0.847935,NEW YORK,364298,MEDIUM,0.847945,0.848095,0.847815,0.847935,NEW YORK,364298,MEDIUM,DOJI,BEARISH,BEARISH,WEAK,AT_PIVOT,LOW_WICK,NEUTRAL,CHAOTIC,NONE,TESTING_PIVOT,NORMAL,54,16,13.643926788690026,50,NEUTRAL,False,70,['DOJI'],1,20,NEUTRAL,BEARISH,60,False,NONE,0,False,False,False,60,False,0,100,UP,NONE,NONE,0,True,100,55,45,80,False,True,NEUTRAL,70,False,0.0,NONE,False,NONE,False,False,0,False,60,8.095781071835722,8.437270726338825,55.00000000000001,23,POOR,False,75,48,-0.21796306812650698,4,89.99999999999999,False,RANDOM,70,43.39797087404544,7.056293675984239,True,MOMENTUM_SHIFT,False,True,False,65,True,70,NONE,60,CHOPPY,HIGH,NONE,60,-0.0283,CHOPPY,20,50,30,NORMAL,NONE,60,30,70,HIGH,73,40,60,0.6,False,80,1.3502,3.79,RANGING,90,False,NONE,0.847645,0.848082,0.847918,FAR,30,50,85,NONE,UP,NONE,33,UP,NONE,NONE,False,"['M1', 'M5', 'M15']",33,33,ACCUMULATION,ACCUMULATION,50,65,True,28,"Smart money accumulation. Bullish bias, look for breakout.",MEDIUM,WAIT,5,1.0,0.5,False,False,True,True,0.3,0.3,True,False,False,22,True,ACCUMULATION,"Smart money accumulation. Bullish bias, look for breakout.",HIGH,NONE_OTC,0.079,[],True,33,65,MEDIUM,รอการวิเคราะห์จาก AI,รอการวิเคราะห์จาก AI,รอการวิเคราะห์จาก AI,รอการวิเคราะห์จาก AI
2026-07-03 01:57:00,0.847935,0.848095,0.847815,0.847945,1.0,EURGBP-OTC,BULLISH,0.848154,0.848165,0.847881,0.847447,0.847461,0.847856,BULLISH,0.849442,0.84613,0.003312,0.002453,46.33,51.74,0.000376,0.0004,-2.4e-05,46.39,55.54,0.000669,71.49,0.6,0.000683,0.000652,22.84,21.79,16.41,14.1,-0.0283,1.0,1.0,1.0,False,-4.3e-05,0.000103,2.6e-05,0.847918,0.848082,0.848258,0.847742,0.847578,22,5.17,0.847645,0.849625,NO_VOLUME_DATA,0.848,0.848111,0.848282,0.848231,33.27,39.4,-0.000165,-9.6e-05,12.79,12.78,0.000291,0.849198,0.847591,0.847952,0.848088,0.847808,1.0,1.0,0.847945,0.848095,0.847815,0.847935,NEW YORK,424011,MEDIUM,0.847945,0.848095,0.847815,0.847935,NEW YORK,424011,MEDIUM,DOJI,BEARISH,BEARISH,WEAK,AT_PIVOT,LOW_WICK,NEUTRAL,CHAOTIC,NONE,TESTING_PIVOT,NORMAL,54,16,13.643926788690026,50,NEUTRAL,False,70,['DOJI'],1,20,NEUTRAL,BEARISH,60,False,NONE,0,False,False,False,60,False,0,100,UP,NONE,NONE,0,True,100,55,45,80,False,True,NEUTRAL,70,False,0.0,NONE,False,NONE,False,False,0,False,60,8.095781071835722,8.437270726338825,55.00000000000001,23,POOR,False,75,48,-0.21796306812650698,4,89.99999999999999,False,RANDOM,70,43.39797087404544,7.056293675984239,True,MOMENTUM_SHIFT,False,True,False,65,True,70,NONE,60,CHOPPY,HIGH,NONE,60,-0.0283,CHOPPY,20,50,30,NORMAL,NONE,60,30,70,HIGH,73,40,60,0.6,False,80,1.3502,3.79,RANGING,90,False,NONE,0.847645,0.848082,0.847918,FAR,30,50,85,NONE,UP,NONE,33,UP,NONE,NONE,False,"['M1', 'M5', 'M15']",33,33,SIDEWAY_RANGE,SIDEWAY_RANGE,50,60,True,28,Price ranging between clear levels. Suitable for mean-reversion strategies.,MEDIUM,WAIT,5,1.0,0.5,False,False,True,True,0.3,0.3,True,False,False,22,True,SIDEWAY_RANGE,Price ranging between clear levels. Suitable for mean-reversion strategies.,HIGH,NONE_OTC,0.079,[],True,33,60,MEDIUM,รอการวิเคราะห์จาก AI,รอการวิเคราะห์จาก AI,รอการวิเคราะห์จาก AI,รอการวิเคราะห์จาก AI
2026-07-03 01:58:00,0.847935,0.848095,0.847815,0.847945,1.0,EURGBP-OTC,BULLISH,0.848154,0.848165,0.847881,0.847447,0.847461,0.847856,BULLISH,0.849442,0.84613,0.003312,0.002453,46.33,51.74,0.000376,0.0004,-2.4e-05,46.39,55.54,0.000669,71.49,0.6,0.000683,0.000652,22.84,21.79,16.41,14.1,-0.0283,1.0,1.0,1.0,False,-4.3e-05,0.000103,2.6e-05,0.847918,0.848082,0.848258,0.847742,0.847578,22,5.17,0.847645,0.849625,NO_VOLUME_DATA,0.848,0.848111,0.848282,0.848231,33.27,39.4,-0.000165,-9.6e-05,12.79,12.78,0.000291,0.849198,0.847591,0.847952,0.848088,0.847808,1.0,1.0,0.847945,0.848095,0.847815,0.847935,NEW YORK,484774,LOW,0.847945,0.848095,0.847815,0.847935,NEW YORK,484774,LOW,DOJI,BEARISH,BEARISH,WEAK,AT_PIVOT,LOW_WICK,NEUTRAL,CHAOTIC,NONE,TESTING_PIVOT,NORMAL,54,16,13.643926788690026,50,NEUTRAL,False,70,['DOJI'],1,20,NEUTRAL,BEARISH,60,False,NONE,0,False,False,False,60,False,0,100,UP,NONE,NONE,0,True,100,55,45,80,False,True,NEUTRAL,70,False,0.0,NONE,False,NONE,False,False,0,False,60,8.095781071835722,8.437270726338825,55.00000000000001,23,POOR,False,75,48,-0.21796306812650698,4,89.99999999999999,False,RANDOM,70,43.39797087404544,7.056293675984239,True,MOMENTUM_SHIFT,False,True,False,65,True,70,NONE,60,CHOPPY,HIGH,NONE,60,-0.0283,CHOPPY,20,50,30,NORMAL,NONE,60,30,70,HIGH,73,40,60,0.6,False,80,1.3502,3.79,RANGING,90,False,NONE,0.847645,0.848082,0.847918,FAR,30,50,85,NONE,UP,NONE,33,UP,NONE,NONE,False,"['M1', 'M5', 'M15']",33,33,ACCUMULATION,ACCUMULATION,50,65,True,28,"Smart money accumulation. Bullish bias, look for breakout.",MEDIUM,WAIT,5,1.0,0.5,False,False,True,True,0.3,0.3,True,False,False,22,True,ACCUMULATION,"Smart money accumulation. Bullish bias, look for breakout.",HIGH,NONE_OTC,0.079,[],True,33,65,MEDIUM,รอการวิเคราะห์จาก AI,รอการวิเคราะห์จาก AI,รอการวิเคราะห์จาก AI,รอการวิเคราะห์จาก AI
2026-07-03 01:59:00,0.847935,0.848095,0.847815,0.847945,1.0,EURGBP-OTC,BULLISH,0.848154,0.848165,0.847881,0.847447,0.847461,0.847856,BULLISH,0.849442,0.84613,0.003312,0.002453,46.33,51.74,0.000376,0.0004,-2.4e-05,46.39,55.54,0.000669,71.49,0.6,0.000683,0.000652,22.84,21.79,16.41,14.1,-0.0283,1.0,1.0,1.0,False,-4.3e-05,0.000103,2.6e-05,0.847918,0.848082,0.848258,0.847742,0.847578,22,5.17,0.847645,0.849625,NO_VOLUME_DATA,0.848,0.848111,0.848282,0.848231,33.27,39.4,-0.000165,-9.6e-05,12.79,12.78,0.000291,0.849198,0.847591,0.847952,0.848088,0.847808,1.0,1.0,0.847945,0.848095,0.847815,0.847935,NEW YORK,544251,LOW,0.847945,0.848095,0.847815,0.847935,NEW YORK,544251,LOW,DOJI,BEARISH,BEARISH,WEAK,AT_PIVOT,LOW_WICK,NEUTRAL,CHAOTIC,NONE,TESTING_PIVOT,NORMAL,54,16,13.643926788690026,50,NEUTRAL,False,70,['DOJI'],1,20,NEUTRAL,BEARISH,60,False,NONE,0,False,False,False,60,False,0,100,UP,NONE,NONE,0,True,100,55,45,80,False,True,NEUTRAL,70,False,0.0,NONE,False,NONE,False,False,0,False,60,8.095781071835722,8.437270726338825,55.00000000000001,23,POOR,False,75,48,-0.21796306812650698,4,89.99999999999999,False,RANDOM,70,43.39797087404544,7.056293675984239,True,MOMENTUM_SHIFT,False,True,False,65,True,70,NONE,60,CHOPPY,HIGH,NONE,60,-0.0283,CHOPPY,20,50,30,NORMAL,NONE,60,30,70,HIGH,73,40,60,0.6,False,80,1.3502,3.79,RANGING,90,False,NONE,0.847645,0.848082,0.847918,FAR,30,50,85,NONE,UP,NONE,33,UP,NONE,NONE,False,"['M1', 'M5', 'M15']",33,33,ACCUMULATION,ACCUMULATION,50,65,True,28,"Smart money accumulation. Bullish bias, look for breakout.",MEDIUM,WAIT,5,1.0,0.5,False,False,True,True,0.3,0.3,True,False,False,22,True,ACCUMULATION,"Smart money accumulation. Bullish bias, look for breakout.",HIGH,NONE_OTC,0.079,[],True,33,65,MEDIUM,รอการวิเคราะห์จาก AI,รอการวิเคราะห์จาก AI,รอการวิเคราะห์จาก AI,รอการวิเคราะห์จาก AI
2026-07-03 02:00:00,0.847925,0.848135,0.847845,0.847895,1.0,EURGBP-OTC,BULLISH,0.848364,0.848278,0.847967,0.847499,0.847486,0.847855,BULLISH,0.849527,0.846248,0.003279,0.00244,60.46,58.56,0.000401,0.0004,1e-06,49.46,49.78,0.00069,88.35,1.25,0.000688,0.000651,23.27,26.75,14.76,28.88,0.1298,1.0,1.0,1.0,False,-4.3e-05,0.000101,3e-05,0.848462,0.849108,0.849432,0.848138,0.847492,23,5.01,0.847645,0.849625,NO_VOLUME_DATA,0.847916,0.847985,0.848138,0.848175,38.64,40.59,-0.000174,-0.000147,14.67,17.77,0.000273,0.848617,0.847644,0.847958,0.848072,0.847782,1.0,1.0,0.847895,0.848135,0.847845,0.847925,NEW YORK,305139,HIGH,0.847895,0.848135,0.847845,0.847925,NEW YORK,305139,HIGH,MORNING_STAR,BULLISH,BULLISH,WEAK,AT_SUPPORT,LOW_WICK,BULLISH,CHAOTIC,NONE,TESTING_SUPPORT,NORMAL,55,16,21.484992101109974,50,NEUTRAL,False,70,['MORNING_STAR'],1,20,BULLISH,BULLISH,60,False,NONE,0,False,False,False,60,False,0,100,UP,NONE,NONE,0,True,100,55,45,80,False,True,NEUTRAL,70,False,0.0,NONE,False,NONE,False,False,0,False,60,22.041259500542772,10.329985652797635,50.0,27,POOR,False,75,48,-0.23870056896140524,4,89.99999999999999,False,RANDOM,70,44.60626943621507,7.244377499292097,True,MOMENTUM_SHIFT,False,True,False,65,True,70,NONE,60,CHOPPY,EXTREME,NONE,60,0.1298,CHOPPY,20,50,30,NORMAL,NONE,60,30,70,EXTREME,88,40,60,1.25,False,40,1.3439,0.0,RANGING,90,False,NONE,0.847645,0.849108,0.848462,FAR,30,50,85,DOWN,UP,NONE,33,NONE,NONE,DOWN,False,"['M1', 'M5', 'M15']",33,33,ACCUMULATION,ACCUMULATION,50,65,True,26,"Smart money accumulation. Bullish bias, look for breakout.",HIGH,WAIT,5,1.0,0.5,False,False,False,True,0.3,0.3,True,False,False,22,True,ACCUMULATION,"Smart money accumulation. Bullish bias, look for breakout.",EXTREME,NONE_OTC,0.081,[],True,33,65,HIGH,รอการวิเคราะห์จาก AI,รอการวิเคราะห์จาก AI,รอการวิเคราะห์จาก AI,รอการวิเคราะห์จาก AI
2026-07-03 02:23:00,0.847935,0.848085,0.847795,0.847845,1.0,EURGBP-OTC,BULLISH,0.848264,0.848337,0.848153,0.847678,0.847591,0.847985,BEARISH,0.849625,0.84693,0.002695,0.002415,44.14,49.96,0.000297,0.000388,-9.1e-05,20.3,43.05,0.000683,84.8,0.81,0.0007,0.00066,21.58,23.96,22.84,2.4,-0.0059,1.0,1.0,1.0,False,2.3e-05,4.3e-05,3.8e-05,0.847958,0.848122,0.848248,0.847832,0.847668,20,3.76,0.847755,0.849455,NO_VOLUME_DATA,0.847938,0.848133,0.848344,0.848397,29.0,36.39,-0.000196,-6.8e-05,16.76,13.09,0.000284,0.849818,0.847478,0.847908,0.848022,0.847732,1.0,1.0,0.847845,0.848085,0.847795,0.847935,NEW YORK,184057,HIGH,0.847845,0.848085,0.847795,0.847935,NEW YORK,184057,HIGH,NONE,BULLISH,BULLISH,WEAK,AT_PIVOT,LOW_WICK,NEUTRAL,CHAOTIC,NONE,TESTING_PIVOT,NORMAL,56,16,13.123561013050155,50,NEUTRAL,False,70,[],0,0,NEUTRAL,BULLISH,40,False,NONE,0,False,False,False,60,False,0,50,NONE,NONE,NONE,0,False,50,55,45,80,False,True,NEUTRAL,70,False,0.0,NONE,False,NONE,False,False,0,False,60,6.849315068493672,4.761904761905111,55.00000000000001,22,POOR,False,75,59,-0.1946789304237263,3,60.00000000000001,False,RANDOM,70,47.56460193293939,2.888802133141658,False,NONE,False,False,False,100,True,70,NONE,40,CHOPPY,EXTREME,NONE,40,-0.0059,CHOPPY,20,50,30,NORMAL,NONE,60,30,70,EXTREME,88,40,60,0.81,False,40,1.1159,16.57,RANGING,90,False,NONE,0.847755,0.848122,0.847958,FAR,30,50,85,DOWN,NONE,NONE,33,DOWN,NONE,DOWN,False,"['M1', 'M5', 'M15']",33,33,ACCUMULATION,ACCUMULATION,50,65,True,26,"Smart money accumulation. Bullish bias, look for breakout.",HIGH,WAIT,5,1.0,0.5,False,False,False,True,0.3,0.3,True,False,False,22,True,ACCUMULATION,"Smart money accumulation. Bullish bias, look for breakout.",EXTREME,NONE_OTC,0.081,[],True,33,65,HIGH,รอการวิเคราะห์จาก AI,รอการวิเคราะห์จาก AI,รอการวิเคราะห์จาก AI,รอการวิเคราะห์จาก AI,184057,STALE,184057,HIGH,184057,STALE,184057,HIGH
2026-07-03 02:24:00,0.847935,0.848085,0.847795,0.847845,1.0,EURGBP-OTC,BULLISH,0.848264,0.848337,0.848153,0.847678,0.847591,0.847985,BEARISH,0.849625,0.84693,0.002695,0.002415,44.14,49.96,0.000297,0.000388,-9.1e-05,20.3,43.05,0.000683,84.8,0.81,0.0007,0.00066,21.58,23.96,22.84,2.4,-0.0059,1.0,1.0,1.0,False,2.3e-05,4.3e-05,3.8e-05,0.847958,0.848122,0.848248,0.847832,0.847668,20,3.76,0.847755,0.849455,NO_VOLUME_DATA,0.847938,0.848133,0.848344,0.848397,29.0,36.39,-0.000196,-6.8e-05,16.76,13.09,0.000284,0.849818,0.847478,0.847908,0.848022,0.847732,1.0,1.0,0.847845,0.848085,0.847795,0.847935,NEW YORK,244752,HIGH,0.847845,0.848085,0.847795,0.847935,NEW YORK,244752,HIGH,NONE,BULLISH,BULLISH,WEAK,AT_PIVOT,LOW_WICK,NEUTRAL,CHAOTIC,NONE,TESTING_PIVOT,NORMAL,56,16,13.123561013050155,50,NEUTRAL,False,70,[],0,0,NEUTRAL,BULLISH,40,False,NONE,0,False,False,False,60,False,0,50,NONE,NONE,NONE,0,False,50,55,45,80,False,True,NEUTRAL,70,False,0.0,NONE,False,NONE,False,False,0,False,60,6.849315068493672,4.761904761905111,55.00000000000001,22,POOR,False,75,59,-0.1946789304237263,3,60.00000000000001,False,RANDOM,70,47.56460193293939,2.888802133141658,False,NONE,False,False,False,100,True,70,NONE,40,CHOPPY,EXTREME,NONE,40,-0.0059,CHOPPY,20,50,30,NORMAL,NONE,60,30,70,EXTREME,88,40,60,0.81,False,40,1.1159,16.57,RANGING,90,False,NONE,0.847755,0.848122,0.847958,FAR,30,50,85,DOWN,NONE,NONE,33,DOWN,NONE,DOWN,False,"['M1', 'M5', 'M15']",33,33,ACCUMULATION,ACCUMULATION,50,65,True,26,"Smart money accumulation. Bullish bias, look for breakout.",HIGH,WAIT,5,1.0,0.5,False,False,False,True,0.3,0.3,True,False,False,22,True,ACCUMULATION,"Smart money accumulation. Bullish bias, look for breakout.",EXTREME,NONE_OTC,0.081,[],True,33,65,HIGH,รอการวิเคราะห์จาก AI,รอการวิเคราะห์จาก AI,รอการวิเคราะห์จาก AI,รอการวิเคราะห์จาก AI,244752,STALE,244752,HIGH,244752,STALE,244752,HIGH
2026-07-03 02:25:00,0.847935,0.848085,0.847795,0.847845,1.0,EURGBP-OTC,BULLISH,0.848184,0.848293,0.84813,0.847668,0.847587,0.847992,BEARISH,0.849627,0.846904,0.002723,0.002415,40.65,48.03,0.000277,0.000384,-0.000107,16.33,41.73,0.000697,91.57,1.3,0.000701,0.00066,21.58,23.47,22.37,2.4,-0.0342,1.0,1.0,1.0,False,1e-05,4e-05,3.8e-05,0.847832,0.848038,0.848322,0.847548,0.847342,20,3.69,0.847755,0.849455,NO_VOLUME_DATA,0.847938,0.848133,0.848344,0.848397,29.0,36.39,-0.000196,-6.8e-05,16.76,13.09,0.000284,0.849818,0.847478,0.847908,0.848022,0.847732,1.0,1.0,0.847845,0.848085,0.847795,0.847935,NEW YORK,305635,HIGH,0.847845,0.848085,0.847795,0.847935,NEW YORK,305635,HIGH,NONE,BEARISH,BEARISH,WEAK,AT_PIVOT,LOW_WICK,NEUTRAL,CHAOTIC,NONE,TESTING_PIVOT,NORMAL,57,13,11.178707224337858,50,NEUTRAL,False,70,[],0,0,NEUTRAL,BEARISH,40,False,NONE,0,False,False,False,60,False,0,50,NONE,NONE,NONE,0,False,50,55,45,80,False,True,NEUTRAL,70,False,0.0,NONE,False,NONE,False,False,0,False,60,4.0449438202251145,2.960288808664456,50.0,19,POOR,False,75,59,-0.19033886658958193,3,60.00000000000001,False,RANDOM,70,47.79769467734568,3.0260406364466794,False,NONE,False,False,False,100,True,70,NONE,20,CHOPPY,EXTREME,NONE,20,-0.0342,CHOPPY,20,50,30,NORMAL,NONE,60,30,70,EXTREME,88,40,60,1.3,False,40,1.1275,9.99,RANGING,90,False,NONE,0.847548,0.848038,0.847832,FAR,30,50,85,DOWN,NONE,NONE,33,DOWN,NONE,DOWN,False,"['M1', 'M5', 'M15']",33,33,ACCUMULATION,ACCUMULATION,50,65,True,26,"Smart money accumulation. Bullish bias, look for breakout.",HIGH,WAIT,5,1.0,0.5,False,False,False,True,0.3,0.3,True,False,False,22,True,ACCUMULATION,"Smart money accumulation. Bullish bias, look for breakout.",EXTREME,NONE_OTC,0.082,[],True,33,65,HIGH,รอการวิเคราะห์จาก AI,รอการวิเคราะห์จาก AI,รอการวิเคราะห์จาก AI,รอการวิเคราะห์จาก AI,305635,STALE,305635,HIGH,305635,STALE,305635,HIGH
2026-07-03 02:26:00,0.847935,0.848085,0.847795,0.847845,1.0,EURGBP-OTC,BULLISH,0.848184,0.848293,0.84813,0.847668,0.847587,0.847992,BEARISH,0.849627,0.846904,0.002723,0.002415,40.65,48.03,0.000277,0.000384,-0.000107,16.33,41.73,0.000697,91.57,1.3,0.000701,0.00066,21.58,23.47,22.37,2.4,-0.0342,1.0,1.0,1.0,False,1e-05,4e-05,3.8e-05,0.847832,0.848038,0.848322,0.847548,0.847342,20,3.69,0.847755,0.849455,NO_VOLUME_DATA,0.847938,0.848133,0.848344,0.848397,29.0,36.39,-0.000196,-6.8e-05,16.76,13.09,0.000284,0.849818,0.847478,0.847908,0.848022,0.847732,1.0,1.0,0.847845,0.848085,0.847795,0.847935,NEW YORK,364304,MEDIUM,0.847845,0.848085,0.847795,0.847935,NEW YORK,364304,MEDIUM,NONE,BEARISH,BEARISH,WEAK,AT_PIVOT,LOW_WICK,NEUTRAL,CHAOTIC,NONE,TESTING_PIVOT,NORMAL,57,13,11.178707224337858,50,NEUTRAL,False,70,[],0,0,NEUTRAL,BEARISH,40,False,NONE,0,False,False,False,60,False,0,50,NONE,NONE,NONE,0,False,50,55,45,80,False,True,NEUTRAL,70,False,0.0,NONE,False,NONE,False,False,0,False,60,4.0449438202251145,2.960288808664456,50.0,19,POOR,False,75,59,-0.19033886658958193,3,60.00000000000001,False,RANDOM,70,47.79769467734568,3.0260406364466794,False,NONE,False,False,False,100,True,70,NONE,20,CHOPPY,EXTREME,NONE,20,-0.0342,CHOPPY,20,50,30,NORMAL,NONE,60,30,70,EXTREME,88,40,60,1.3,False,40,1.1275,9.99,RANGING,90,False,NONE,0.847548,0.848038,0.847832,FAR,30,50,85,DOWN,NONE,NONE,33,DOWN,NONE,DOWN,False,"['M1', 'M5', 'M15']",33,33,ACCUMULATION,ACCUMULATION,50,65,True,26,"Smart money accumulation. Bullish bias, look for breakout.",HIGH,WAIT,5,1.0,0.5,False,False,False,True,0.3,0.3,True,False,False,22,True,ACCUMULATION,"Smart money accumulation. Bullish bias, look for breakout.",EXTREME,NONE_OTC,0.082,[],True,33,65,HIGH,รอการวิเคราะห์จาก AI,รอการวิเคราะห์จาก AI,รอการวิเคราะห์จาก AI,รอการวิเคราะห์จาก AI,364304,STALE,364304,MEDIUM,364304,STALE,364304,MEDIUM
2026-07-03 02:33:00,0.847895,0.847915,0.847705,0.847805,1.0,EURGBP-OTC,BULLISH,0.847961,0.848127,0.84807,0.847678,0.847591,0.847944,BEARISH,0.849565,0.847065,0.002501,0.002429,40.53,47.7,0.000168,0.000315,-0.000147,8.91,12.65,0.000656,44.4,-0.22,0.000691,0.000674,19.22,22.42,20.5,4.47,-0.0259,1.0,1.0,1.0,False,-7.2e-05,-4e-06,3.9e-05,0.847772,0.847858,0.848002,0.847628,0.847542,22,3.92,0.847605,0.849455,NO_VOLUME_DATA,0.847906,0.847957,0.848088,0.848247,37.14,40.34,-0.000167,-0.000164,44.44,51.13,0.000277,0.848589,0.847476,0.847808,0.847912,0.847702,1.0,1.0,0.847805,0.847915,0.847705,0.847895,NEW YORK,184585,HIGH,0.847805,0.847915,0.847705,0.847895,NEW YORK,184585,HIGH,BEARISH_ENGULFING,BEARISH,BEARISH,WEAK,AT_PIVOT,LOW_WICK,NEUTRAL,CHAOTIC,NONE,TESTING_PIVOT,NORMAL,56,16,10.296411856477764,50,NEUTRAL,False,70,['BEARISH_ENGULFING'],1,20,BEARISH,BEARISH,60,False,NONE,0,False,False,False,60,False,0,50,NONE,NONE,NONE,0,False,50,55,45,80,False,True,NEUTRAL,70,False,0.0,NONE,False,NONE,False,False,0,False,60,4.961411245865054,1.3090909090906206,55.00000000000001,20,POOR,False,75,56,-0.19769820527830997,3,39.99999999999999,False,RANDOM,70,47.366186736715115,3.2790537010826437,True,MOMENTUM_SHIFT,False,True,False,65,True,70,NONE,80,CHOPPY,NORMAL,NONE,80,-0.0259,CHOPPY,20,50,30,WEAK,NONE,50,30,60,NORMAL,58,40,60,-0.22,False,80,1.0296,57.52,RANGING,90,False,NONE,0.847605,0.847858,0.847772,FAR,30,50,85,DOWN,NONE,NONE,33,DOWN,NONE,DOWN,False,"['M1', 'M5', 'M15']",33,33,SIDEWAY_RANGE,SIDEWAY_RANGE,55,60,True,28,Price ranging between clear levels. Suitable for mean-reversion strategies.,MEDIUM,WAIT,5,1.0,0.5,False,False,False,True,0.3,0.3,True,False,False,18,True,SIDEWAY_RANGE,Price ranging between clear levels. Suitable for mean-reversion strategies.,NORMAL,NONE_OTC,0.077,[],True,33,60,MEDIUM,รอการวิเคราะห์จาก AI,รอการวิเคราะห์จาก AI,รอการวิเคราะห์จาก AI,รอการวิเคราะห์จาก AI,184585,STALE,184585,HIGH,184585,STALE,184585,HIGH
2026-07-03 02:34:00,0.847895,0.847915,0.847705,0.847805,1.0,EURGBP-OTC,BULLISH,0.847961,0.848127,0.84807,0.847678,0.847591,0.847944,BEARISH,0.849565,0.847065,0.002501,0.002429,40.53,47.7,0.000168,0.000315,-0.000147,8.91,12.65,0.000656,44.4,-0.22,0.000691,0.000674,19.22,22.42,20.5,4.47,-0.0259,1.0,1.0,1.0,False,-7.2e-05,-4e-06,3.9e-05,0.847772,0.847858,0.848002,0.847628,0.847542,22,3.92,0.847605,0.849455,NO_VOLUME_DATA,0.847906,0.847957,0.848088,0.848247,37.14,40.34,-0.000167,-0.000164,44.44,51.13,0.000277,0.848589,0.847476,0.847808,0.847912,0.847702,1.0,1.0,0.847805,0.847915,0.847705,0.847895,NEW YORK,243977,HIGH,0.847805,0.847915,0.847705,0.847895,NEW YORK,243977,HIGH,BEARISH_ENGULFING,BEARISH,BEARISH,WEAK,AT_PIVOT,LOW_WICK,NEUTRAL,CHAOTIC,NONE,TESTING_PIVOT,NORMAL,56,16,10.296411856477764,50,NEUTRAL,False,70,['BEARISH_ENGULFING'],1,20,BEARISH,BEARISH,60,False,NONE,0,False,False,False,60,False,0,50,NONE,NONE,NONE,0,False,50,55,45,80,False,True,NEUTRAL,70,False,0.0,NONE,False,NONE,False,False,0,False,60,4.961411245865054,1.3090909090906206,55.00000000000001,20,POOR,False,75,56,-0.19769820527830997,3,39.99999999999999,False,RANDOM,70,47.366186736715115,3.2790537010826437,True,MOMENTUM_SHIFT,False,True,False,65,True,70,NONE,80,CHOPPY,NORMAL,NONE,80,-0.0259,CHOPPY,20,50,30,WEAK,NONE,50,30,60,NORMAL,58,40,60,-0.22,False,80,1.0296,57.52,RANGING,90,False,NONE,0.847605,0.847858,0.847772,FAR,30,50,85,DOWN,NONE,NONE,33,DOWN,NONE,DOWN,False,"['M1', 'M5', 'M15']",33,33,SIDEWAY_RANGE,SIDEWAY_RANGE,55,60,True,28,Price ranging between clear levels. Suitable for mean-reversion strategies.,MEDIUM,WAIT,5,1.0,0.5,False,False,False,True,0.3,0.3,True,False,False,18,True,SIDEWAY_RANGE,Price ranging between clear levels. Suitable for mean-reversion strategies.,NORMAL,NONE_OTC,0.077,[],True,33,60,MEDIUM,รอการวิเคราะห์จาก AI,รอการวิเคราะห์จาก AI,รอการวิเคราะห์จาก AI,รอการวิเคราะห์จาก AI,243977,STALE,243977,HIGH,243977,STALE,243977,HIGH
2026-07-03 02:35:00,0.847895,0.847915,0.847705,0.847805,1.0,EURGBP-OTC,BULLISH,0.848018,0.848158,0.848086,0.847685,0.847595,0.847954,BEARISH,0.84956,0.847087,0.002473,0.002428,43.33,49.17,0.000182,0.000318,-0.000136,13.82,14.29,0.000676,75.1,0.72,0.000693,0.000674,18.91,21.75,21.79,0.09,-0.0059,1.0,1.0,1.0,False,-6.3e-05,-2e-06,3.9e-05,0.847762,0.848078,0.848272,0.847568,0.847252,22,3.8,0.847605,0.849455,NO_VOLUME_DATA,0.847906,0.847957,0.848088,0.848247,37.14,40.34,-0.000167,-0.000164,44.44,51.13,0.000277,0.848589,0.847476,0.847808,0.847912,0.847702,1.0,1.0,0.847805,0.847915,0.847705,0.847895,NEW YORK,305482,HIGH,0.847805,0.847915,0.847705,0.847895,NEW YORK,305482,HIGH,DOJI,BEARISH,BEARISH,WEAK,AT_PIVOT,LOW_WICK,NEUTRAL,CHAOTIC,TRUE,TESTING_PIVOT,NORMAL,53,20,11.778656126485815,50,NEUTRAL,False,70,['DOJI'],1,20,NEUTRAL,BEARISH,60,True,REJECTION,25,False,False,True,70,False,0,50,NONE,NONE,NONE,0,False,50,55,45,80,False,True,NEUTRAL,70,False,0.0,NONE,False,NONE,False,False,0,False,60,6.966292134831102,2.4946543121879152,55.00000000000001,21,POOR,False,75,56,-0.1963099127938752,3,39.99999999999999,False,RANDOM,70,47.434306986188446,2.9291660017267933,True,MOMENTUM_SHIFT,False,True,False,65,True,70,NONE,80,CHOPPY,EXTREME,NONE,80,-0.0059,CHOPPY,20,50,30,WEAK,NONE,50,30,60,EXTREME,88,40,60,0.72,False,40,1.0185,34.07,RANGING,90,False,NONE,0.847568,0.848078,0.847762,FAR,30,50,85,DOWN,NONE,NONE,33,DOWN,NONE,DOWN,False,"['M1', 'M5', 'M15']",33,33,SIDEWAY_RANGE,SIDEWAY_RANGE,50,60,True,25,Price ranging between clear levels. Suitable for mean-reversion strategies.,HIGH,WAIT,5,1.0,0.5,False,False,False,True,0.3,0.3,True,False,False,22,True,SIDEWAY_RANGE,Price ranging between clear levels. Suitable for mean-reversion strategies.,EXTREME,NONE_OTC,0.08,[],True,33,60,HIGH,รอการวิเคราะห์จาก AI,รอการวิเคราะห์จาก AI,รอการวิเคราะห์จาก AI,รอการวิเคราะห์จาก AI,305482,STALE,305482,HIGH,305482,STALE,305482,HIGH
