timestamp,open,high,low,close,volume,age,quality,price_change,spike_detected,anomaly_type,log_timestamp
2026-07-28 03:05:00,1.13771,1.13774,1.137605,1.137625,418,74175000,STALE,-7.471148183624265e-05,True,spike,2026-07-29 06:46:31
2026-07-28 03:10:00,1.13762,1.13762,1.1375,1.137565,619,73875000,STALE,-5.2741456982863255e-05,True,spike,2026-07-29 06:46:31
2026-07-28 03:15:00,1.137565,1.137745,1.137535,1.137695,639,73575000,STALE,0.00011427918404649517,True,spike,2026-07-29 06:46:31
2026-07-28 03:20:00,1.137695,1.13779,1.137665,1.137785,289,73275000,STALE,7.910731786653358e-05,True,spike,2026-07-29 06:46:31
2026-07-28 03:30:00,1.13777,1.138025,1.13777,1.13799,304,72675000,STALE,0.00019775612714423296,True,spike,2026-07-29 06:46:31
2026-07-28 03:35:00,1.13799,1.13799,1.137635,1.13772,548,72375000,STALE,-0.0002372604328684247,True,spike,2026-07-29 06:46:31
2026-07-28 03:40:00,1.137715,1.137735,1.13757,1.13762,536,72075000,STALE,-8.789508842244054e-05,True,spike,2026-07-29 06:46:31
2026-07-28 03:45:00,1.137615,1.13762,1.13752,1.13754,351,71775000,STALE,-7.032225171854645e-05,True,spike,2026-07-29 06:46:31
2026-07-28 04:00:00,1.137455,1.13746,1.13711,1.137185,647,70875000,STALE,-0.00024176674344589255,True,spike,2026-07-29 06:46:31
2026-07-28 04:10:00,1.137185,1.137225,1.13706,1.13707,466,70275000,STALE,-9.673050880254497e-05,True,spike,2026-07-29 06:46:31
2026-07-28 04:15:00,1.13707,1.1372,1.13701,1.137175,225,69975000,STALE,9.234259984003401e-05,True,spike,2026-07-29 06:46:31
2026-07-28 04:20:00,1.13718,1.137185,1.137025,1.137085,163,69675000,STALE,-7.914349154714007e-05,True,spike,2026-07-29 06:46:31
2026-07-28 04:35:00,1.13709,1.137115,1.13701,1.13704,138,68775000,STALE,-4.397189316573957e-05,True,spike,2026-07-29 06:46:31
2026-07-28 04:40:00,1.13704,1.137095,1.137015,1.137095,183,68475000,STALE,4.837120945611062e-05,True,spike,2026-07-29 06:46:31
2026-07-28 04:45:00,1.137095,1.13715,1.137025,1.137045,188,68175000,STALE,-4.397169981384952e-05,True,spike,2026-07-29 06:46:31
2026-07-28 04:50:00,1.13705,1.137095,1.13683,1.136835,211,67875000,STALE,-0.00018468926031955935,True,spike,2026-07-29 06:46:31
2026-07-28 05:00:00,1.136865,1.13689,1.13672,1.1368,554,67275000,STALE,-5.27769470295425e-05,True,spike,2026-07-29 06:46:31
2026-07-28 05:05:00,1.136805,1.13681,1.136355,1.136415,672,66975000,STALE,-0.0003386699507389457,True,spike,2026-07-29 06:46:31
2026-07-28 05:10:00,1.13641,1.13641,1.136175,1.13623,441,66675000,STALE,-0.0001627926417724357,True,spike,2026-07-29 06:46:31
2026-07-28 05:15:00,1.136225,1.13634,1.136175,1.13627,367,66375000,STALE,3.5204140006683815e-05,True,spike,2026-07-29 06:46:31
2026-07-28 05:25:00,1.13624,1.13653,1.13623,1.13652,306,65775000,STALE,0.00025082839377410515,True,spike,2026-07-29 06:46:31
2026-07-28 05:35:00,1.136485,1.13655,1.136315,1.136415,619,65175000,STALE,-7.039186270074715e-05,True,spike,2026-07-29 06:46:31
2026-07-28 05:40:00,1.13641,1.136635,1.13632,1.136545,484,64875000,STALE,0.00011439482935360346,True,spike,2026-07-29 06:46:31
2026-07-28 05:45:00,1.13654,1.1366,1.13641,1.13641,277,64575000,STALE,-0.00011878104254559041,True,spike,2026-07-29 06:46:31
2026-07-28 05:50:00,1.136415,1.13654,1.13641,1.1365,223,64275000,STALE,7.919676877188309e-05,True,spike,2026-07-29 06:46:31
2026-07-28 05:55:00,1.136495,1.13665,1.13648,1.13659,304,63975000,STALE,7.919049714022464e-05,True,spike,2026-07-29 06:46:31
2026-07-28 06:00:00,1.136595,1.136805,1.136535,1.136685,646,63675000,STALE,8.358335019664764e-05,True,spike,2026-07-29 06:46:31
2026-07-28 06:05:00,1.13668,1.136705,1.136495,1.13659,559,63375000,STALE,-8.357636460409879e-05,True,spike,2026-07-29 06:46:31
2026-07-28 06:10:00,1.136595,1.136795,1.136555,1.136685,542,63075000,STALE,8.358335019664764e-05,True,spike,2026-07-29 06:46:31
2026-07-28 06:15:00,1.136685,1.13683,1.13668,1.136735,609,62775000,STALE,4.398756031798179e-05,True,spike,2026-07-29 06:46:31
2026-07-28 06:20:00,1.136735,1.1369,1.136675,1.1369,501,62475000,STALE,0.00014515256414204813,True,spike,2026-07-29 06:46:31
2026-07-28 06:25:00,1.13691,1.137115,1.13685,1.13708,632,62175000,STALE,0.00015832527047243694,True,spike,2026-07-29 06:46:31
2026-07-28 06:40:00,1.137045,1.137165,1.13689,1.13697,508,61275000,STALE,-6.15633574896357e-05,True,spike,2026-07-29 06:46:31
2026-07-28 06:45:00,1.13697,1.136975,1.136805,1.13683,222,60975000,STALE,-0.00012313429553989508,True,spike,2026-07-29 06:46:31
2026-07-28 06:50:00,1.136835,1.13715,1.136825,1.13714,390,60675000,STALE,0.000272688088808426,True,spike,2026-07-29 06:46:31
2026-07-28 06:55:00,1.13714,1.137155,1.13673,1.13687,656,60375000,STALE,-0.00023743778250695513,True,spike,2026-07-29 06:46:31
2026-07-28 07:00:00,1.13686,1.13694,1.1367,1.136785,807,60075000,STALE,-7.476668396577679e-05,True,spike,2026-07-29 06:46:31
2026-07-28 07:05:00,1.136785,1.137255,1.1367,1.13719,673,59775000,STALE,0.00035626789586418184,True,spike,2026-07-29 06:46:31
2026-07-28 07:10:00,1.137195,1.137355,1.13709,1.13731,977,59475000,STALE,0.00010552326348300944,True,spike,2026-07-29 06:46:31
2026-07-28 07:15:00,1.13731,1.13736,1.13717,1.137185,377,59175000,STALE,-0.00010990846822778177,True,spike,2026-07-29 06:46:31
2026-07-28 07:20:00,1.13718,1.137285,1.136995,1.136995,730,58875000,STALE,-0.00016707923512881973,True,spike,2026-07-29 06:46:31
2026-07-28 07:30:00,1.136995,1.137095,1.136965,1.13705,391,58275000,STALE,4.837312389227577e-05,True,spike,2026-07-29 06:46:31
2026-07-28 07:40:00,1.13708,1.13713,1.13685,1.13691,421,57675000,STALE,-0.0001495057515742415,True,spike,2026-07-29 06:46:31
2026-07-28 07:45:00,1.13691,1.136925,1.136625,1.13666,474,57375000,STALE,-0.0002198942748327104,True,spike,2026-07-29 06:46:31
2026-07-28 07:50:00,1.136655,1.136655,1.136325,1.13651,754,57075000,STALE,-0.0001319655833759148,True,spike,2026-07-29 06:46:31
2026-07-28 08:00:00,1.136495,1.136835,1.136475,1.13679,773,56475000,STALE,0.0002639706464639957,True,spike,2026-07-29 06:46:31
2026-07-28 08:05:00,1.136795,1.137045,1.13675,1.13694,502,56175000,STALE,0.00013195049217551436,True,spike,2026-07-29 06:46:31
2026-07-28 08:10:00,1.136945,1.136965,1.13666,1.13681,628,55875000,STALE,-0.00011434200573468001,True,spike,2026-07-29 06:46:31
2026-07-28 08:15:00,1.13681,1.13708,1.13681,1.136935,748,55575000,STALE,0.0001099568089653058,True,spike,2026-07-29 06:46:31
2026-07-28 08:20:00,1.13693,1.13723,1.13692,1.137135,559,55275000,STALE,0.0001759115516717369,True,spike,2026-07-29 06:46:31
2026-07-28 08:25:00,1.13713,1.137135,1.13681,1.137005,604,54975000,STALE,-0.00011432239795627908,True,spike,2026-07-29 06:46:31
2026-07-28 08:40:00,1.136995,1.137145,1.13694,1.13712,398,54075000,STALE,0.00010554089709757797,True,spike,2026-07-29 06:46:31
2026-07-28 08:45:00,1.137125,1.137255,1.137015,1.137215,622,53775000,STALE,8.354439285218618e-05,True,spike,2026-07-29 06:46:31
2026-07-28 08:50:00,1.13722,1.13727,1.137055,1.13711,437,53475000,STALE,-9.23308257453348e-05,True,spike,2026-07-29 06:46:31
2026-07-28 08:55:00,1.13711,1.13727,1.137085,1.137255,360,53175000,STALE,0.00012751624732865174,True,spike,2026-07-29 06:46:31
2026-07-28 09:00:00,1.13726,1.13731,1.137125,1.13714,474,52875000,STALE,-0.00010112068093770521,True,spike,2026-07-29 06:46:31
2026-07-28 09:05:00,1.137135,1.137185,1.13677,1.13685,452,52575000,STALE,-0.0002550257663964661,True,spike,2026-07-29 06:46:31
2026-07-28 09:10:00,1.136855,1.136855,1.13664,1.13669,411,52275000,STALE,-0.00014073976338124794,True,spike,2026-07-29 06:46:31
2026-07-28 09:15:00,1.13669,1.136805,1.136685,1.136745,541,51975000,STALE,4.838610351098893e-05,True,spike,2026-07-29 06:46:31
2026-07-28 09:20:00,1.13675,1.136805,1.13662,1.136695,331,51675000,STALE,-4.398523855386749e-05,True,spike,2026-07-29 06:46:31
2026-07-28 09:25:00,1.1367,1.136725,1.136585,1.136595,387,51375000,STALE,-8.79743466805083e-05,True,spike,2026-07-29 06:46:31
2026-07-28 09:30:00,1.13659,1.13659,1.136345,1.13645,356,51075000,STALE,-0.00012757402592833422,True,spike,2026-07-29 06:46:31
2026-07-28 09:40:00,1.13644,1.13652,1.136235,1.13624,277,50475000,STALE,-0.00017598817359476548,True,spike,2026-07-29 06:46:31
2026-07-28 09:45:00,1.13624,1.136265,1.13602,1.136105,515,50175000,STALE,-0.00011881292684645661,True,spike,2026-07-29 06:46:31
2026-07-28 09:50:00,1.13611,1.13613,1.135825,1.135945,475,49875000,STALE,-0.00014083205337533933,True,spike,2026-07-29 06:46:31
2026-07-28 09:55:00,1.13594,1.13596,1.1356,1.135645,604,49575000,STALE,-0.0002640972934428998,True,spike,2026-07-29 06:46:31
2026-07-28 10:00:00,1.13564,1.13568,1.13553,1.135595,451,49275000,STALE,-4.402784320811648e-05,True,spike,2026-07-29 06:46:31
2026-07-28 10:05:00,1.1356,1.135605,1.135425,1.13543,608,48975000,STALE,-0.00014529827975640064,True,spike,2026-07-29 06:46:31
2026-07-28 10:10:00,1.13543,1.135745,1.135335,1.135675,591,48675000,STALE,0.00021577728261545914,True,spike,2026-07-29 06:46:31
2026-07-28 10:15:00,1.13568,1.135705,1.13548,1.135535,497,48375000,STALE,-0.00012327470447093258,True,spike,2026-07-29 06:46:31
2026-07-28 10:20:00,1.135545,1.135755,1.13548,1.13571,369,48075000,STALE,0.00015411237874651817,True,spike,2026-07-29 06:46:31
2026-07-28 10:25:00,1.13572,1.13577,1.13564,1.13564,614,47775000,STALE,-6.163545271242743e-05,True,spike,2026-07-29 06:46:31
2026-07-28 10:30:00,1.135635,1.13602,1.13561,1.136005,635,47475000,STALE,0.0003214046704940188,True,spike,2026-07-29 06:46:31
2026-07-28 10:35:00,1.136,1.136115,1.13579,1.13608,785,47175000,STALE,6.602083617601728e-05,True,spike,2026-07-29 06:46:31
2026-07-28 10:40:00,1.136085,1.136105,1.13573,1.135735,471,46875000,STALE,-0.0003036757974790305,True,spike,2026-07-29 06:46:31
2026-07-28 10:45:00,1.13573,1.13597,1.13573,1.13589,497,46575000,STALE,0.00013647549824580274,True,spike,2026-07-29 06:46:31
2026-07-28 10:50:00,1.13589,1.13621,1.135855,1.13619,482,46275000,STALE,0.0002641100810818475,True,spike,2026-07-29 06:46:31
2026-07-28 10:55:00,1.1362,1.13631,1.13603,1.136075,530,45975000,STALE,-0.0001012154657232811,True,spike,2026-07-29 06:46:31
2026-07-28 11:00:00,1.13608,1.13612,1.135905,1.135975,446,45675000,STALE,-8.80223576787964e-05,True,spike,2026-07-29 06:46:31
2026-07-28 11:05:00,1.13597,1.136025,1.13572,1.13574,455,45375000,STALE,-0.00020687074979641729,True,spike,2026-07-29 06:46:31
2026-07-28 11:10:00,1.135745,1.1359,1.135675,1.13584,374,45075000,STALE,8.80483209184657e-05,True,spike,2026-07-29 06:46:31
2026-07-28 11:15:00,1.135835,1.136255,1.135835,1.13619,1004,44775000,STALE,0.0003081419918298245,True,spike,2026-07-29 06:46:31
2026-07-28 11:20:00,1.136185,1.136455,1.136175,1.13644,650,44475000,STALE,0.00022003362113709457,True,spike,2026-07-29 06:46:31
2026-07-28 11:25:00,1.136445,1.13659,1.13636,1.13655,709,44175000,STALE,9.679349547719873e-05,True,spike,2026-07-29 06:46:31
2026-07-28 11:30:00,1.136545,1.136555,1.13633,1.136405,429,43875000,STALE,-0.00012757907703120352,True,spike,2026-07-29 06:46:31
2026-07-28 11:35:00,1.1364,1.13668,1.1364,1.13662,644,43575000,STALE,0.0001891931133706226,True,spike,2026-07-29 06:46:31
2026-07-28 11:40:00,1.136615,1.136655,1.13633,1.13635,418,43275000,STALE,-0.0002375464095299984,True,spike,2026-07-29 06:46:31
2026-07-28 11:45:00,1.13636,1.13642,1.13618,1.136185,379,42975000,STALE,-0.00014520174242083073,True,spike,2026-07-29 06:46:31
2026-07-28 11:50:00,1.13618,1.1365,1.136115,1.136425,623,42675000,STALE,0.00021123320585991756,True,spike,2026-07-29 06:46:31
2026-07-28 11:55:00,1.13643,1.13679,1.13639,1.13653,929,42375000,STALE,9.239501066948819e-05,True,spike,2026-07-29 06:46:31
2026-07-28 12:00:00,1.136525,1.13661,1.13618,1.136375,859,42075000,STALE,-0.0001363800339631016,True,spike,2026-07-29 06:46:31
2026-07-28 12:05:00,1.13638,1.13676,1.13637,1.13668,564,41775000,STALE,0.00026839731602690264,True,spike,2026-07-29 06:46:31
2026-07-28 12:10:00,1.136675,1.13668,1.13639,1.13652,392,41475000,STALE,-0.00014076081218983294,True,spike,2026-07-29 06:46:31
2026-07-28 12:20:00,1.13651,1.13659,1.136365,1.13638,522,40875000,STALE,-0.00011878417794752849,True,spike,2026-07-29 06:46:31
2026-07-28 12:25:00,1.13638,1.13639,1.136235,1.13628,463,40575000,STALE,-8.799873281828408e-05,True,spike,2026-07-29 06:46:31
2026-07-28 12:40:00,1.136275,1.136515,1.136185,1.136465,559,39675000,STALE,0.00016281198296197452,True,spike,2026-07-29 06:46:31
2026-07-28 12:45:00,1.136465,1.136745,1.136455,1.13674,715,39375000,STALE,0.00024197841552542343,True,spike,2026-07-29 06:46:31
2026-07-28 12:50:00,1.136745,1.136855,1.13649,1.136545,628,39075000,STALE,-0.0001715431848973159,True,spike,2026-07-29 06:46:31
2026-07-28 13:00:00,1.13659,1.136905,1.136585,1.13678,521,38475000,STALE,0.0001671667003932953,True,spike,2026-07-29 06:46:31
2026-07-28 13:05:00,1.13678,1.136975,1.136735,1.13696,727,38175000,STALE,0.00015834198349740092,True,spike,2026-07-29 06:46:31
2026-07-28 13:10:00,1.136955,1.13707,1.136675,1.13669,695,37875000,STALE,-0.00023747537292428955,True,spike,2026-07-29 06:46:31
2026-07-28 13:15:00,1.1367,1.13686,1.13662,1.136845,593,37575000,STALE,0.00013636083716761505,True,spike,2026-07-29 06:46:31
2026-07-28 13:25:00,1.136845,1.13686,1.136695,1.13674,488,36975000,STALE,-8.796312585768185e-05,True,spike,2026-07-29 06:46:31
2026-07-28 13:30:00,1.136735,1.13705,1.13672,1.136925,960,36675000,STALE,0.00016274609849209476,True,spike,2026-07-29 06:46:31
2026-07-28 13:35:00,1.13693,1.13704,1.13674,1.136855,787,36375000,STALE,-6.156958462522066e-05,True,spike,2026-07-29 06:46:31
2026-07-28 13:40:00,1.13685,1.13708,1.136835,1.136935,885,36075000,STALE,7.036957219708206e-05,True,spike,2026-07-29 06:46:31
2026-07-28 13:45:00,1.13694,1.137415,1.136825,1.137305,1304,35775000,STALE,0.000325436370592902,True,spike,2026-07-29 06:46:31
2026-07-28 14:00:00,1.137245,1.13743,1.13711,1.13741,977,34875000,STALE,0.0001362930916990468,True,spike,2026-07-29 06:46:31
2026-07-28 14:05:00,1.137405,1.137565,1.137175,1.13747,984,34575000,STALE,5.2751426486530306e-05,True,spike,2026-07-29 06:46:31
2026-07-28 14:10:00,1.13748,1.137595,1.13733,1.137395,742,34275000,STALE,-6.593580490044104e-05,True,spike,2026-07-29 06:46:31
2026-07-28 14:15:00,1.1374,1.1374,1.137155,1.13723,654,33975000,STALE,-0.00014506833597827118,True,spike,2026-07-29 06:46:31
2026-07-28 14:20:00,1.137225,1.13748,1.137225,1.137445,596,33675000,STALE,0.00018905586380957295,True,spike,2026-07-29 06:46:31
2026-07-28 14:25:00,1.13744,1.13783,1.13744,1.13781,1120,33375000,STALE,0.00032089463666373774,True,spike,2026-07-29 06:46:31
2026-07-28 14:30:00,1.137805,1.137905,1.137685,1.137695,731,33075000,STALE,-0.00010107135637771325,True,spike,2026-07-29 06:46:31
2026-07-28 14:40:00,1.13771,1.13799,1.137705,1.1379,770,32475000,STALE,0.00016700213586928747,True,spike,2026-07-29 06:46:31
2026-07-28 14:45:00,1.137895,1.1379,1.137615,1.13776,749,32175000,STALE,-0.0001230336584935321,True,spike,2026-07-29 06:46:31
2026-07-28 14:50:00,1.137755,1.13833,1.137725,1.138295,1283,31875000,STALE,0.000470222190971592,True,spike,2026-07-29 06:46:31
2026-07-28 14:55:00,1.13829,1.13865,1.138265,1.138575,2097,31575000,STALE,0.0002459819291131815,True,spike,2026-07-29 06:46:31
2026-07-28 15:00:00,1.13857,1.13873,1.138405,1.13844,1512,31275000,STALE,-0.00011856926421183189,True,spike,2026-07-29 06:46:31
2026-07-28 15:05:00,1.138435,1.13882,1.138395,1.138745,992,30975000,STALE,0.00026791047398200263,True,spike,2026-07-29 06:46:31
2026-07-28 15:10:00,1.13874,1.1396,1.138685,1.13944,2654,30675000,STALE,0.0006103210112888835,True,spike,2026-07-29 06:46:31
2026-07-28 15:15:00,1.139445,1.139585,1.13927,1.139585,1905,30375000,STALE,0.00012725549392689217,True,spike,2026-07-29 06:46:31
2026-07-28 15:20:00,1.13958,1.139935,1.139475,1.13949,1623,30075000,STALE,-8.336368063832644e-05,True,spike,2026-07-29 06:46:31
2026-07-28 15:25:00,1.139495,1.139815,1.139415,1.139595,1163,29775000,STALE,9.214648658617541e-05,True,spike,2026-07-29 06:46:31
2026-07-28 15:30:00,1.13959,1.139825,1.13942,1.13969,1423,29475000,STALE,8.336294911814868e-05,True,spike,2026-07-29 06:46:31
2026-07-28 15:35:00,1.139695,1.139845,1.1395,1.139575,1096,29175000,STALE,-0.0001009046319614404,True,spike,2026-07-29 06:46:31
2026-07-28 15:40:00,1.13959,1.140215,1.139575,1.140145,981,28875000,STALE,0.0005001864730271866,True,spike,2026-07-29 06:46:31
2026-07-28 15:45:00,1.140145,1.14015,1.13988,1.13992,744,28575000,STALE,-0.00019734332036702718,True,spike,2026-07-29 06:46:31
2026-07-28 15:55:00,1.139935,1.140065,1.13986,1.14004,815,27975000,STALE,9.649715333392983e-05,True,spike,2026-07-29 06:46:31
2026-07-28 16:05:00,1.140085,1.14019,1.13988,1.140175,787,27375000,STALE,8.332748579054083e-05,True,spike,2026-07-29 06:46:31
2026-07-28 16:15:00,1.14023,1.1404,1.140225,1.140345,616,26775000,STALE,0.00010524238637099614,True,spike,2026-07-29 06:46:31
2026-07-28 16:25:00,1.14034,1.14053,1.14034,1.1405,430,26175000,STALE,0.00013592377745341722,True,spike,2026-07-29 06:46:31
2026-07-28 16:30:00,1.140495,1.140505,1.14023,1.14041,676,25875000,STALE,-7.891275756255478e-05,True,spike,2026-07-29 06:46:31
2026-07-28 16:35:00,1.14041,1.140445,1.14021,1.14022,447,25575000,STALE,-0.00016660674669632947,True,spike,2026-07-29 06:46:31
2026-07-28 16:40:00,1.14022,1.14022,1.14002,1.14003,664,25275000,STALE,-0.00016663450912979272,True,spike,2026-07-29 06:46:31
2026-07-28 16:45:00,1.140035,1.140085,1.13972,1.13972,953,24975000,STALE,-0.00027192266870168513,True,spike,2026-07-29 06:46:31
2026-07-28 16:50:00,1.13972,1.13988,1.139715,1.1398,726,24675000,STALE,7.019267890351344e-05,True,spike,2026-07-29 06:46:31
2026-07-28 16:55:00,1.139795,1.13984,1.13957,1.13959,446,24375000,STALE,-0.00018424284962259563,True,spike,2026-07-29 06:46:31
2026-07-28 17:00:00,1.139595,1.139735,1.13954,1.13968,641,24075000,STALE,7.897577198812122e-05,True,spike,2026-07-29 06:46:31
2026-07-28 17:05:00,1.13968,1.139745,1.139505,1.13952,660,23775000,STALE,-0.00014039028499224226,True,spike,2026-07-29 06:46:31
2026-07-28 17:10:00,1.139515,1.13952,1.139345,1.139405,798,23475000,STALE,-0.00010091968548164854,True,spike,2026-07-29 06:46:31
2026-07-28 17:20:00,1.139435,1.13979,1.13932,1.13933,795,22875000,STALE,-9.215093445436029e-05,True,spike,2026-07-29 06:46:31
2026-07-28 17:30:00,1.139305,1.139415,1.139235,1.1394,400,22275000,STALE,8.338416841846552e-05,True,spike,2026-07-29 06:46:31
2026-07-28 17:35:00,1.1394,1.1394,1.139225,1.139345,284,21975000,STALE,-4.827101983495563e-05,True,spike,2026-07-29 06:46:31
2026-07-28 17:40:00,1.139345,1.139345,1.13917,1.1392,415,21675000,STALE,-0.0001272661046478607,True,spike,2026-07-29 06:46:31
2026-07-28 17:45:00,1.1392,1.13924,1.139055,1.13913,582,21375000,STALE,-6.144662921347965e-05,True,spike,2026-07-29 06:46:31
2026-07-28 17:50:00,1.139125,1.13913,1.13901,1.139075,391,21075000,STALE,-4.828246117638546e-05,True,spike,2026-07-29 06:46:31
2026-07-28 17:55:00,1.13908,1.139115,1.13883,1.13892,745,20775000,STALE,-0.0001360753242763968,True,spike,2026-07-29 06:46:31
2026-07-28 18:05:00,1.13891,1.138985,1.13885,1.138965,448,20175000,STALE,4.829178776200038e-05,True,spike,2026-07-29 06:46:31
2026-07-28 18:10:00,1.138975,1.13901,1.138785,1.13893,338,19875000,STALE,-3.0729653676786484e-05,True,spike,2026-07-29 06:46:31
2026-07-28 18:15:00,1.13893,1.139155,1.138925,1.13909,282,19575000,STALE,0.00014048273379385634,True,spike,2026-07-29 06:46:31
2026-07-28 18:20:00,1.139085,1.13909,1.13888,1.13888,376,19275000,STALE,-0.00018435768903246608,True,spike,2026-07-29 06:46:31
2026-07-28 18:25:00,1.13888,1.138885,1.138725,1.138785,471,18975000,STALE,-8.341528519240082e-05,True,spike,2026-07-29 06:46:31
2026-07-28 18:35:00,1.13877,1.138915,1.138765,1.13884,150,18375000,STALE,6.146983148491714e-05,True,spike,2026-07-29 06:46:31
2026-07-28 18:45:00,1.13883,1.13883,1.13862,1.13869,283,17775000,STALE,-0.00012293318581357848,True,spike,2026-07-29 06:46:31
2026-07-28 19:00:00,1.138675,1.13884,1.138625,1.13884,280,16875000,STALE,0.00014929698683552317,True,spike,2026-07-29 06:46:31
2026-07-28 19:05:00,1.13884,1.139045,1.13884,1.13894,393,16575000,STALE,8.780864739565963e-05,True,spike,2026-07-29 06:46:31
2026-07-28 19:10:00,1.13894,1.13896,1.13877,1.13882,201,16275000,STALE,-0.00010536112525694197,True,spike,2026-07-29 06:46:31
2026-07-28 19:15:00,1.13882,1.138995,1.138795,1.138995,182,15975000,STALE,0.0001536678316151896,True,spike,2026-07-29 06:46:31
2026-07-28 19:25:00,1.13899,1.139045,1.13889,1.1389,254,15375000,STALE,-8.34068630678475e-05,True,spike,2026-07-29 06:46:31
2026-07-28 19:30:00,1.1389,1.13906,1.13887,1.139005,335,15075000,STALE,9.219422249540088e-05,True,spike,2026-07-29 06:46:31
2026-07-28 19:35:00,1.13901,1.13901,1.13889,1.138955,349,14775000,STALE,-4.389796357351372e-05,True,spike,2026-07-29 06:46:31
2026-07-28 19:40:00,1.138955,1.139015,1.13892,1.13901,301,14475000,STALE,4.828987975824539e-05,True,spike,2026-07-29 06:46:31
2026-07-28 19:45:00,1.139005,1.1392,1.139005,1.139165,276,14175000,STALE,0.00013608308970058935,True,spike,2026-07-29 06:46:31
2026-07-28 19:50:00,1.139165,1.139165,1.139005,1.139115,179,13875000,STALE,-4.389179793962139e-05,True,spike,2026-07-29 06:46:31
2026-07-28 19:55:00,1.13912,1.13912,1.138725,1.138735,265,13575000,STALE,-0.00033359230630802816,True,spike,2026-07-29 06:46:31
2026-07-28 20:10:00,1.13877,1.138855,1.13877,1.13885,38,12675000,STALE,7.025123598247696e-05,True,spike,2026-07-29 06:46:31
2026-07-28 20:15:00,1.13885,1.13892,1.138785,1.138785,98,12375000,STALE,-5.7075119638261285e-05,True,spike,2026-07-29 06:46:31
2026-07-28 20:25:00,1.13875,1.13876,1.13855,1.138645,171,11775000,STALE,-9.220636663009874e-05,True,spike,2026-07-29 06:46:31
2026-07-28 20:35:00,1.138665,1.138725,1.13856,1.1386,196,11175000,STALE,-5.708439268792276e-05,True,spike,2026-07-29 06:46:31
2026-07-28 20:40:00,1.1386,1.138745,1.13855,1.138745,155,10875000,STALE,0.00012734937642711053,True,spike,2026-07-29 06:46:31
2026-07-28 20:45:00,1.138735,1.13874,1.13866,1.138685,83,10575000,STALE,-5.268958370829857e-05,True,spike,2026-07-29 06:46:31
2026-07-28 21:00:00,1.139,1.139055,1.13886,1.138985,38,9675000,STALE,0.00027663853443038455,True,spike,2026-07-29 06:46:31
2026-07-28 21:05:00,1.138985,1.13914,1.138985,1.139035,39,9375000,STALE,4.389873439958336e-05,True,spike,2026-07-29 06:46:31
2026-07-28 21:10:00,1.139035,1.139145,1.139035,1.139145,13,9075000,STALE,9.657297624743322e-05,True,spike,2026-07-29 06:46:31
2026-07-28 21:15:00,1.139145,1.139225,1.139045,1.139205,71,8775000,STALE,5.267108225903705e-05,True,spike,2026-07-29 06:46:31
2026-07-28 21:25:00,1.1392,1.139225,1.139155,1.139155,80,8175000,STALE,-3.95014044944908e-05,True,spike,2026-07-29 06:46:31
2026-07-28 21:30:00,1.139155,1.139165,1.139115,1.139115,21,7875000,STALE,-3.5113746592707606e-05,True,spike,2026-07-29 06:46:31
2026-07-28 21:35:00,1.139115,1.139245,1.139105,1.139225,37,7575000,STALE,9.656619393116905e-05,True,spike,2026-07-29 06:46:31
2026-07-28 21:40:00,1.139225,1.13932,1.13921,1.13928,41,7275000,STALE,4.827843490096129e-05,True,spike,2026-07-29 06:46:31
2026-07-28 21:45:00,1.13929,1.139305,1.13908,1.139245,56,6975000,STALE,-3.072115722213553e-05,True,spike,2026-07-29 06:46:31
2026-07-28 21:50:00,1.139245,1.139245,1.13914,1.139145,53,6675000,STALE,-8.777743154453344e-05,True,spike,2026-07-29 06:46:31
2026-07-28 21:55:00,1.139145,1.139175,1.13905,1.139075,40,6375000,STALE,-6.144959596887656e-05,True,spike,2026-07-29 06:46:31
2026-07-28 22:00:00,1.13907,1.13907,1.138905,1.139,371,6075000,STALE,-6.584289884337124e-05,True,spike,2026-07-29 06:46:31
2026-07-28 22:10:00,1.139025,1.1391,1.138775,1.1388,319,5475000,STALE,-0.00019753736748528983,True,spike,2026-07-29 06:46:31
2026-07-28 22:15:00,1.138805,1.138865,1.138645,1.138655,256,5175000,STALE,-0.00012732701088868925,True,spike,2026-07-29 06:46:31
2026-07-28 22:20:00,1.13864,1.138645,1.138415,1.138445,178,4875000,STALE,-0.00018442811914065604,True,spike,2026-07-29 06:46:31
2026-07-28 22:25:00,1.138455,1.13859,1.13843,1.138495,207,4575000,STALE,4.3919556939497895e-05,True,spike,2026-07-29 06:46:31
2026-07-28 22:30:00,1.138505,1.13865,1.138505,1.138645,350,4275000,STALE,0.0001317528842901261,True,spike,2026-07-29 06:46:31
2026-07-28 22:35:00,1.13864,1.138645,1.138465,1.13847,196,3975000,STALE,-0.00015369144904675558,True,spike,2026-07-29 06:46:31
2026-07-28 22:40:00,1.138475,1.138575,1.13846,1.138525,179,3675000,STALE,4.831045174658044e-05,True,spike,2026-07-29 06:46:31
2026-07-28 22:45:00,1.138525,1.138535,1.138435,1.138485,176,3375000,STALE,-3.513317669801008e-05,True,spike,2026-07-29 06:46:31
2026-07-28 23:00:00,1.13852,1.13852,1.138315,1.138425,286,2475000,STALE,-7.905034189270577e-05,True,spike,2026-07-29 06:46:31
2026-07-28 23:05:00,1.138425,1.13843,1.138215,1.138235,190,2175000,STALE,-0.00016689724839136222,True,spike,2026-07-29 06:46:31
2026-07-28 23:10:00,1.138235,1.13844,1.13823,1.138435,149,1875000,STALE,0.00017571063971844048,True,spike,2026-07-29 06:46:31
2026-07-28 23:20:00,1.138445,1.13853,1.138375,1.13851,115,1275000,STALE,5.709542402132506e-05,True,spike,2026-07-29 06:46:31
2026-07-28 23:30:00,1.138525,1.13853,1.13845,1.138465,87,675000,STALE,-5.269976504684859e-05,True,spike,2026-07-29 06:46:31
2026-07-28 23:40:00,1.13847,1.13864,1.13846,1.138615,99,75000,FRESH,0.00012736391824108573,True,spike,2026-07-29 06:46:31
2026-07-28 23:45:00,1.13862,1.13862,1.138445,1.138515,167,0,FRESH,-8.782599913048639e-05,True,spike,2026-07-29 06:46:31
2026-07-28 03:00:00,0.85554,0.85556,0.855515,0.85552,575,74476000,STALE,-2.922113974135332e-05,True,spike,2026-07-29 06:46:31
2026-07-28 03:05:00,0.85552,0.855555,0.85551,0.85553,795,74176000,STALE,1.1688797456610445e-05,True,spike,2026-07-29 06:46:31
2026-07-28 03:10:00,0.855535,0.855575,0.855485,0.85549,1123,73876000,STALE,-4.67546433206012e-05,True,spike,2026-07-29 06:46:31
2026-07-28 03:15:00,0.855495,0.8555,0.85538,0.855405,938,73576000,STALE,-9.93582625161693e-05,True,spike,2026-07-29 06:46:31
2026-07-28 03:20:00,0.855405,0.855435,0.85538,0.85543,713,73276000,STALE,2.922592222409648e-05,True,spike,2026-07-29 06:46:31
2026-07-28 03:30:00,0.855415,0.855425,0.85535,0.855385,985,72676000,STALE,-4.091557363639087e-05,True,spike,2026-07-29 06:46:31
2026-07-28 03:35:00,0.855385,0.855425,0.85533,0.85535,1365,72376000,STALE,-4.091724778887418e-05,True,spike,2026-07-29 06:46:31
2026-07-28 03:40:00,0.855355,0.855365,0.855285,0.85531,968,72076000,STALE,-4.676448237572739e-05,True,spike,2026-07-29 06:46:31
2026-07-28 03:45:00,0.855305,0.855315,0.855265,0.85528,838,71776000,STALE,-3.507500204602554e-05,True,spike,2026-07-29 06:46:31
2026-07-28 03:50:00,0.855285,0.85534,0.855285,0.855325,625,71476000,STALE,5.261434851733249e-05,True,spike,2026-07-29 06:46:31
2026-07-28 03:55:00,0.855335,0.85539,0.855325,0.855355,446,71176000,STALE,3.5074386928846124e-05,True,spike,2026-07-29 06:46:31
2026-07-28 04:10:00,0.855345,0.855425,0.855345,0.855375,765,70276000,STALE,3.50735668064317e-05,True,spike,2026-07-29 06:46:31
2026-07-28 04:15:00,0.855375,0.855375,0.855295,0.8553,948,69976000,STALE,-8.768084173615964e-05,True,spike,2026-07-29 06:46:31
2026-07-28 04:20:00,0.855305,0.855345,0.85529,0.855345,516,69676000,STALE,5.2613118204147824e-05,True,spike,2026-07-29 06:46:31
2026-07-28 04:25:00,0.85534,0.85535,0.855295,0.8553,627,69376000,STALE,-5.261035020964755e-05,True,spike,2026-07-29 06:46:31
2026-07-28 04:45:00,0.855305,0.855325,0.855195,0.855205,415,68176000,STALE,-0.00012860758901700464,True,spike,2026-07-29 06:46:31
2026-07-28 04:55:00,0.855205,0.855235,0.855155,0.855165,525,67576000,STALE,-5.261865506722696e-05,True,spike,2026-07-29 06:46:31
2026-07-28 05:00:00,0.855155,0.855165,0.855065,0.855075,638,67276000,STALE,-0.0001052428478713896,True,spike,2026-07-29 06:46:31
2026-07-28 05:05:00,0.855065,0.855105,0.855015,0.855025,775,66976000,STALE,-5.8474402830133165e-05,True,spike,2026-07-29 06:46:31
2026-07-28 05:10:00,0.85503,0.855115,0.855015,0.855095,712,66676000,STALE,8.186895120032567e-05,True,spike,2026-07-29 06:46:31
2026-07-28 05:15:00,0.855095,0.855175,0.85508,0.855145,594,66376000,STALE,5.847303515982283e-05,True,spike,2026-07-29 06:46:31
2026-07-28 05:20:00,0.85515,0.855185,0.85511,0.855125,644,66076000,STALE,-2.3387846505573684e-05,True,spike,2026-07-29 06:46:31
2026-07-28 05:25:00,0.85512,0.855175,0.8551,0.85514,552,65776000,STALE,1.7541295132206258e-05,True,spike,2026-07-29 06:46:31
2026-07-28 05:30:00,0.855145,0.85527,0.855115,0.855235,816,65476000,STALE,0.00011109292045752284,True,spike,2026-07-29 06:46:31
2026-07-28 05:35:00,0.855235,0.855285,0.855215,0.855265,489,65176000,STALE,3.5078077955219555e-05,True,spike,2026-07-29 06:46:31
2026-07-28 05:40:00,0.85526,0.85529,0.85521,0.855225,559,64876000,STALE,-4.6769130035761997e-05,True,spike,2026-07-29 06:46:31
2026-07-28 05:45:00,0.855225,0.85534,0.855215,0.85531,696,64576000,STALE,9.938904966522166e-05,True,spike,2026-07-29 06:46:31
2026-07-28 05:50:00,0.855315,0.85535,0.85528,0.85529,708,64276000,STALE,-2.3383334697424374e-05,True,spike,2026-07-29 06:46:31
2026-07-28 05:55:00,0.85529,0.85537,0.855255,0.855355,341,63976000,STALE,7.599761484411438e-05,True,spike,2026-07-29 06:46:31
2026-07-28 06:00:00,0.85536,0.85546,0.855315,0.85546,760,63676000,STALE,0.0001227560486580792,True,spike,2026-07-29 06:46:31
2026-07-28 06:05:00,0.855455,0.855475,0.855355,0.85541,853,63376000,STALE,-5.844808640964594e-05,True,spike,2026-07-29 06:46:31
2026-07-28 06:10:00,0.855405,0.855425,0.85528,0.855295,867,63076000,STALE,-0.00013443845641269991,True,spike,2026-07-29 06:46:31
2026-07-28 06:15:00,0.8553,0.855355,0.855285,0.855325,967,62776000,STALE,3.507561718474328e-05,True,spike,2026-07-29 06:46:31
2026-07-28 06:20:00,0.855325,0.85541,0.855255,0.85537,912,62476000,STALE,5.261158039338021e-05,True,spike,2026-07-29 06:46:31
2026-07-28 06:25:00,0.855375,0.855435,0.85521,0.85522,905,62176000,STALE,-0.00017536270853546476,True,spike,2026-07-29 06:46:31
2026-07-28 06:30:00,0.855215,0.8554,0.8552,0.855395,910,61876000,STALE,0.00020462571034363108,True,spike,2026-07-29 06:46:31
2026-07-28 06:35:00,0.85539,0.855425,0.85527,0.855305,808,61576000,STALE,-0.00010521455000322977,True,spike,2026-07-29 06:46:31
2026-07-28 06:40:00,0.8553,0.855305,0.855175,0.8552,994,61276000,STALE,-0.00012276322481452606,True,spike,2026-07-29 06:46:31
2026-07-28 06:45:00,0.855205,0.855265,0.85517,0.855235,514,60976000,STALE,4.092609915806733e-05,True,spike,2026-07-29 06:46:31
2026-07-28 06:50:00,0.85523,0.855255,0.855095,0.85511,596,60676000,STALE,-0.0001461586581464891,True,spike,2026-07-29 06:46:31
2026-07-28 06:55:00,0.85511,0.85511,0.85473,0.854885,1728,60376000,STALE,-0.0002631240425209347,True,spike,2026-07-29 06:46:31
2026-07-28 07:00:00,0.85488,0.85511,0.854875,0.855035,974,60076000,STALE,0.00017546219666964014,True,spike,2026-07-29 06:46:31
2026-07-28 07:05:00,0.855035,0.855075,0.854905,0.854975,549,59776000,STALE,-7.017256603525368e-05,True,spike,2026-07-29 06:46:31
2026-07-28 07:15:00,0.855005,0.855025,0.854885,0.85492,893,59176000,STALE,-9.941462330631534e-05,True,spike,2026-07-29 06:46:31
2026-07-28 07:20:00,0.854915,0.854925,0.854695,0.85472,1000,58876000,STALE,-0.00023394001777943263,True,spike,2026-07-29 06:46:31
2026-07-28 07:25:00,0.854715,0.854745,0.854625,0.854685,608,58576000,STALE,-4.094908274054898e-05,True,spike,2026-07-29 06:46:31
2026-07-28 07:35:00,0.8547,0.85498,0.854675,0.85496,523,57976000,STALE,0.0002983485530094754,True,spike,2026-07-29 06:46:31
2026-07-28 07:45:00,0.854935,0.855055,0.854905,0.855045,497,57376000,STALE,0.00012866475229111884,True,spike,2026-07-29 06:46:31
2026-07-28 07:50:00,0.85504,0.855045,0.854795,0.854885,661,57076000,STALE,-0.00018712465425807512,True,spike,2026-07-29 06:46:31
2026-07-28 07:55:00,0.85488,0.85504,0.854845,0.855025,705,56776000,STALE,0.00016376471689172334,True,spike,2026-07-29 06:46:31
2026-07-28 08:00:00,0.85504,0.855075,0.854635,0.85466,1163,56476000,STALE,-0.0004268881026870952,True,spike,2026-07-29 06:46:31
2026-07-28 08:05:00,0.854655,0.85484,0.85462,0.854765,890,56176000,STALE,0.00012285587251081864,True,spike,2026-07-29 06:46:31
2026-07-28 08:25:00,0.85477,0.85488,0.854745,0.854825,612,54976000,STALE,7.019473188529801e-05,True,spike,2026-07-29 06:46:31
2026-07-28 08:35:00,0.8548,0.85509,0.8548,0.855075,548,54376000,STALE,0.0003158615122746955,True,spike,2026-07-29 06:46:31
2026-07-28 08:40:00,0.855065,0.8551,0.854945,0.85497,466,54076000,STALE,-0.00012279624594335736,True,spike,2026-07-29 06:46:31
2026-07-28 08:45:00,0.854975,0.854985,0.854785,0.854885,665,53776000,STALE,-9.941869305352125e-05,True,spike,2026-07-29 06:46:31
2026-07-28 08:50:00,0.854875,0.854995,0.85486,0.854995,466,53476000,STALE,0.0001286722775577509,True,spike,2026-07-29 06:46:31
2026-07-28 08:55:00,0.854995,0.85502,0.854835,0.854895,614,53176000,STALE,-0.00011695974830261413,True,spike,2026-07-29 06:46:31
2026-07-28 09:05:00,0.85488,0.85504,0.85488,0.855015,516,52576000,STALE,0.0001579169006176162,True,spike,2026-07-29 06:46:31
2026-07-28 09:15:00,0.855025,0.855085,0.85494,0.855085,648,51976000,STALE,7.602161352959769e-05,True,spike,2026-07-29 06:46:31
2026-07-28 09:30:00,0.85505,0.85511,0.85501,0.8551,441,51076000,STALE,6.432409990098087e-05,True,spike,2026-07-29 06:46:31
2026-07-28 09:35:00,0.855095,0.855095,0.85492,0.855,457,50776000,STALE,-0.00011694538650453001,True,spike,2026-07-29 06:46:31
2026-07-28 09:40:00,0.855,0.855135,0.85495,0.855085,592,50476000,STALE,9.941520467826592e-05,True,spike,2026-07-29 06:46:31
2026-07-28 09:45:00,0.85508,0.855125,0.854965,0.855115,688,50176000,STALE,3.5084231392090715e-05,True,spike,2026-07-29 06:46:31
2026-07-28 09:50:00,0.85511,0.855305,0.855035,0.855275,642,49876000,STALE,0.0001871093361711651,True,spike,2026-07-29 06:46:31
2026-07-28 09:55:00,0.85528,0.85528,0.855095,0.855145,704,49576000,STALE,-0.00015199789541375797,True,spike,2026-07-29 06:46:31
2026-07-28 10:00:00,0.85515,0.855295,0.85515,0.855255,542,49276000,STALE,0.00012863315578059975,True,spike,2026-07-29 06:46:31
2026-07-28 10:10:00,0.85527,0.855475,0.85524,0.855375,653,48676000,STALE,0.00011692145801056597,True,spike,2026-07-29 06:46:31
2026-07-28 10:15:00,0.85538,0.855475,0.85538,0.855465,565,48376000,STALE,0.00010521701008325834,True,spike,2026-07-29 06:46:31
2026-07-28 10:20:00,0.85547,0.855475,0.85519,0.855295,761,48076000,STALE,-0.0001987223322987841,True,spike,2026-07-29 06:46:31
2026-07-28 10:30:00,0.855295,0.855425,0.855235,0.85539,639,47476000,STALE,0.00011107278775157603,True,spike,2026-07-29 06:46:31
2026-07-28 10:45:00,0.85542,0.855635,0.855415,0.85562,660,46576000,STALE,0.00023964976064250187,True,spike,2026-07-29 06:46:31
2026-07-28 10:50:00,0.85562,0.855735,0.855605,0.855655,585,46276000,STALE,4.0906009677099675e-05,True,spike,2026-07-29 06:46:31
2026-07-28 10:55:00,0.855665,0.855725,0.855385,0.855505,973,45976000,STALE,-0.0001753042990458864,True,spike,2026-07-29 06:46:31
2026-07-28 11:00:00,0.8555,0.85565,0.85541,0.8556,709,45676000,STALE,0.0001110455228199303,True,spike,2026-07-29 06:46:31
2026-07-28 11:05:00,0.855595,0.855605,0.855405,0.855445,768,45376000,STALE,-0.00018115942028984477,True,spike,2026-07-29 06:46:31
2026-07-28 11:10:00,0.85544,0.855655,0.8554,0.855575,617,45076000,STALE,0.00015196768933134486,True,spike,2026-07-29 06:46:31
2026-07-28 11:15:00,0.855575,0.855675,0.855465,0.855675,626,44776000,STALE,0.00011688046050895018,True,spike,2026-07-29 06:46:31
2026-07-28 11:25:00,0.85565,0.855805,0.855575,0.855785,865,44176000,STALE,0.00016361925798680232,True,spike,2026-07-29 06:46:31
2026-07-28 11:30:00,0.85579,0.8558,0.855675,0.855695,623,43876000,STALE,-0.00010516660142445566,True,spike,2026-07-29 06:46:31
2026-07-28 11:35:00,0.85569,0.855775,0.855655,0.85577,920,43576000,STALE,8.76480521680989e-05,True,spike,2026-07-29 06:46:31
2026-07-28 11:40:00,0.85577,0.855795,0.855635,0.855665,626,43276000,STALE,-0.00012269651892449218,True,spike,2026-07-29 06:46:31
2026-07-28 11:50:00,0.855665,0.855965,0.855645,0.855865,867,42676000,STALE,0.00022789159372171852,True,spike,2026-07-29 06:46:31
2026-07-28 12:00:00,0.85585,0.85585,0.855485,0.855505,900,42076000,STALE,-0.0004089477773688843,True,spike,2026-07-29 06:46:31
2026-07-28 12:10:00,0.855515,0.855545,0.855355,0.85545,623,41476000,STALE,-8.182158219549596e-05,True,spike,2026-07-29 06:46:31
2026-07-28 12:15:00,0.855455,0.855455,0.85535,0.855385,601,41176000,STALE,-7.598340054948416e-05,True,spike,2026-07-29 06:46:31
2026-07-28 12:20:00,0.855375,0.85541,0.855205,0.855295,782,40876000,STALE,-0.00010521578002875565,True,spike,2026-07-29 06:46:31
2026-07-28 12:30:00,0.855295,0.85533,0.855055,0.85511,597,40276000,STALE,-0.00022214427686184646,True,spike,2026-07-29 06:46:31
2026-07-28 12:35:00,0.855115,0.855135,0.854955,0.855005,641,39976000,STALE,-0.00012279121984304364,True,spike,2026-07-29 06:46:31
2026-07-28 12:40:00,0.855005,0.855005,0.85486,0.854885,685,39676000,STALE,-0.0001403500564324256,True,spike,2026-07-29 06:46:31
2026-07-28 12:45:00,0.854895,0.854925,0.85475,0.85481,730,39376000,STALE,-8.773109833493109e-05,True,spike,2026-07-29 06:46:31
2026-07-28 12:55:00,0.85484,0.85486,0.854705,0.854715,688,38776000,STALE,-0.00014037796767796262,True,spike,2026-07-29 06:46:31
2026-07-28 13:00:00,0.85471,0.85479,0.85456,0.854785,660,38476000,STALE,8.189864457741614e-05,True,spike,2026-07-29 06:46:31
2026-07-28 13:10:00,0.85481,0.85496,0.854795,0.85488,639,37876000,STALE,7.603984487869475e-05,True,spike,2026-07-29 06:46:31
2026-07-28 13:15:00,0.854885,0.855055,0.85486,0.855045,499,37576000,STALE,0.00019300954519940738,True,spike,2026-07-29 06:46:31
2026-07-28 13:20:00,0.855045,0.85508,0.85491,0.854925,700,37276000,STALE,-0.00014034349069347307,True,spike,2026-07-29 06:46:31
2026-07-28 13:30:00,0.854925,0.855045,0.85487,0.854975,772,36676000,STALE,4.678718265127557e-05,True,spike,2026-07-29 06:46:31
2026-07-28 13:35:00,0.85497,0.855085,0.854965,0.85505,992,36376000,STALE,8.77218632122645e-05,True,spike,2026-07-29 06:46:31
2026-07-28 13:45:00,0.85503,0.855085,0.8549,0.85495,1367,35776000,STALE,-9.94111352167204e-05,True,spike,2026-07-29 06:46:31
2026-07-28 13:50:00,0.854955,0.855135,0.85491,0.855105,1431,35476000,STALE,0.0001812971518801998,True,spike,2026-07-29 06:46:31
2026-07-28 13:55:00,0.8551,0.85519,0.85495,0.855015,1126,35176000,STALE,-0.00010525023242768938,True,spike,2026-07-29 06:46:31
2026-07-28 14:00:00,0.855015,0.855165,0.85491,0.85515,2042,34876000,STALE,0.00015789196680748852,True,spike,2026-07-29 06:46:31
2026-07-28 14:05:00,0.855145,0.855285,0.855115,0.855285,902,34576000,STALE,0.0001578670408699523,True,spike,2026-07-29 06:46:31
2026-07-28 14:10:00,0.85528,0.855505,0.85526,0.8555,529,34276000,STALE,0.0002513781955724159,True,spike,2026-07-29 06:46:31
2026-07-28 14:15:00,0.85548,0.855575,0.855415,0.855565,545,33976000,STALE,7.597895967270674e-05,True,spike,2026-07-29 06:46:31
2026-07-28 14:20:00,0.855565,0.855715,0.855525,0.8557,632,33676000,STALE,0.00015779046594932566,True,spike,2026-07-29 06:46:31
2026-07-28 14:25:00,0.855695,0.85579,0.85568,0.855765,688,33376000,STALE,7.596120135566764e-05,True,spike,2026-07-29 06:46:31
2026-07-28 14:35:00,0.85577,0.855885,0.855635,0.855845,763,32776000,STALE,9.348360823357993e-05,True,spike,2026-07-29 06:46:31
2026-07-28 14:40:00,0.85585,0.85601,0.85584,0.85598,855,32476000,STALE,0.0001577388428979365,True,spike,2026-07-29 06:46:31
2026-07-28 14:45:00,0.855975,0.85614,0.855785,0.85585,987,32176000,STALE,-0.00015187270730621094,True,spike,2026-07-29 06:46:31
2026-07-28 14:50:00,0.855845,0.85659,0.85584,0.85626,1885,31876000,STALE,0.0004790559093299507,True,spike,2026-07-29 06:46:31
2026-07-28 14:55:00,0.856265,0.85671,0.85626,0.856635,4262,31576000,STALE,0.0004379510896224126,True,spike,2026-07-29 06:46:31
2026-07-28 15:00:00,0.85663,0.85667,0.856335,0.856575,3523,31276000,STALE,-7.004149958855788e-05,True,spike,2026-07-29 06:46:31
2026-07-28 15:05:00,0.856575,0.856735,0.856515,0.856525,1346,30976000,STALE,-5.837200478653326e-05,True,spike,2026-07-29 06:46:31
2026-07-28 15:10:00,0.85652,0.85664,0.856455,0.8566,2938,30676000,STALE,8.756311841451314e-05,True,spike,2026-07-29 06:46:31
2026-07-28 15:20:00,0.85657,0.856675,0.856505,0.856635,1584,30076000,STALE,8.172176075382787e-05,True,spike,2026-07-29 06:46:31
2026-07-28 15:25:00,0.85664,0.856645,0.85651,0.856565,1100,29776000,STALE,-8.171508285326201e-05,True,spike,2026-07-29 06:46:31
2026-07-28 15:30:00,0.85656,0.856655,0.85646,0.856465,1669,29476000,STALE,-0.00011674537250527806,True,spike,2026-07-29 06:46:31
2026-07-28 15:35:00,0.85646,0.85663,0.856435,0.856605,859,29176000,STALE,0.00016346260500998966,True,spike,2026-07-29 06:46:31
2026-07-28 15:45:00,0.85663,0.856635,0.856415,0.85646,767,28576000,STALE,-0.00020428770713321054,True,spike,2026-07-29 06:46:31
2026-07-28 15:50:00,0.856455,0.85668,0.856415,0.85663,1042,28276000,STALE,0.00019849146486694558,True,spike,2026-07-29 06:46:31
2026-07-28 15:55:00,0.856625,0.856735,0.85657,0.85658,1149,27976000,STALE,-5.836825700711312e-05,True,spike,2026-07-29 06:46:31
2026-07-28 16:00:00,0.856575,0.856725,0.856515,0.856635,1185,27676000,STALE,6.420883046542869e-05,True,spike,2026-07-29 06:46:31
2026-07-28 16:05:00,0.856645,0.856745,0.85654,0.856745,1291,27376000,STALE,0.00012840941591218957,True,spike,2026-07-29 06:46:31
2026-07-28 16:10:00,0.856745,0.856905,0.856735,0.856875,932,27076000,STALE,0.00015173709796978407,True,spike,2026-07-29 06:46:31
2026-07-28 16:15:00,0.856885,0.85706,0.85684,0.857015,868,26776000,STALE,0.00016338439095542334,True,spike,2026-07-29 06:46:31
2026-07-28 16:20:00,0.857015,0.85705,0.856845,0.85691,613,26476000,STALE,-0.00012251827564280227,True,spike,2026-07-29 06:46:31
2026-07-28 16:25:00,0.85691,0.857015,0.856875,0.856995,523,26176000,STALE,9.919361426513618e-05,True,spike,2026-07-29 06:46:31
2026-07-28 16:35:00,0.857015,0.85702,0.8567,0.856725,1007,25576000,STALE,-0.00033838380891815234,True,spike,2026-07-29 06:46:31
2026-07-28 16:40:00,0.85673,0.856875,0.85672,0.856865,1066,25276000,STALE,0.00016341299716948754,True,spike,2026-07-29 06:46:31
2026-07-28 16:50:00,0.856845,0.85687,0.856755,0.856805,900,24676000,STALE,-5.251794363070328e-05,True,spike,2026-07-29 06:46:31
2026-07-28 17:00:00,0.85676,0.85681,0.85667,0.856725,1239,24076000,STALE,-5.252284743872959e-05,True,spike,2026-07-29 06:46:31
2026-07-28 17:05:00,0.85672,0.85676,0.856615,0.856685,589,23776000,STALE,-4.6689427762647284e-05,True,spike,2026-07-29 06:46:31
2026-07-28 17:15:00,0.8567,0.856775,0.856615,0.856665,815,23176000,STALE,-4.669051773953381e-05,True,spike,2026-07-29 06:46:31
2026-07-28 17:25:00,0.856705,0.856715,0.856635,0.856655,589,22576000,STALE,-4.6691062746906375e-05,True,spike,2026-07-29 06:46:31
2026-07-28 17:30:00,0.856655,0.856705,0.856635,0.85669,273,22276000,STALE,4.085658754093835e-05,True,spike,2026-07-29 06:46:31
2026-07-28 17:35:00,0.85669,0.85681,0.85666,0.856785,374,21976000,STALE,0.0001108919212318149,True,spike,2026-07-29 06:46:31
2026-07-28 17:45:00,0.856805,0.856935,0.85679,0.856865,511,21376000,STALE,7.002760254670726e-05,True,spike,2026-07-29 06:46:31
2026-07-28 17:50:00,0.856875,0.856895,0.856805,0.856895,466,21076000,STALE,3.501134951244822e-05,True,spike,2026-07-29 06:46:31
2026-07-28 17:55:00,0.856895,0.856905,0.856795,0.856865,1350,20776000,STALE,-3.5010123760725875e-05,True,spike,2026-07-29 06:46:31
2026-07-28 18:00:00,0.856875,0.856975,0.856835,0.856925,1111,20476000,STALE,7.002269902489644e-05,True,spike,2026-07-29 06:46:31
2026-07-28 18:05:00,0.856925,0.856975,0.856915,0.85697,1015,20176000,STALE,5.251334714229117e-05,True,spike,2026-07-29 06:46:31
2026-07-28 18:10:00,0.856965,0.85697,0.856915,0.856935,756,19876000,STALE,-4.0841569716620896e-05,True,spike,2026-07-29 06:46:31
2026-07-28 18:15:00,0.856935,0.857055,0.856935,0.857015,610,19576000,STALE,9.335597215653912e-05,True,spike,2026-07-29 06:46:31
2026-07-28 18:20:00,0.857015,0.85706,0.856985,0.856995,532,19276000,STALE,-2.3336814408136952e-05,True,spike,2026-07-29 06:46:31
2026-07-28 18:25:00,0.856995,0.857075,0.856995,0.857015,493,18976000,STALE,2.3337359027708615e-05,True,spike,2026-07-29 06:46:31
2026-07-28 18:30:00,0.857005,0.857015,0.856925,0.856935,641,18676000,STALE,-9.334725763254781e-05,True,spike,2026-07-29 06:46:31
2026-07-28 18:40:00,0.85692,0.856945,0.85688,0.85688,602,18076000,STALE,-5.251334714251321e-05,True,spike,2026-07-29 06:46:31
2026-07-28 18:50:00,0.85688,0.856895,0.856805,0.856805,354,17476000,STALE,-8.16921954778227e-05,True,spike,2026-07-29 06:46:31
2026-07-28 18:55:00,0.85681,0.856875,0.856795,0.856865,292,17176000,STALE,7.002760254670726e-05,True,spike,2026-07-29 06:46:31
2026-07-28 19:00:00,0.85687,0.856895,0.85683,0.85688,384,16876000,STALE,1.750567475622411e-05,True,spike,2026-07-29 06:46:31
2026-07-28 19:05:00,0.85688,0.856885,0.8568,0.856825,480,16576000,STALE,-6.418635048088817e-05,True,spike,2026-07-29 06:46:31
2026-07-28 19:15:00,0.856815,0.856835,0.856765,0.856775,150,15976000,STALE,-4.668452349698704e-05,True,spike,2026-07-29 06:46:31
2026-07-28 19:25:00,0.856785,0.85695,0.856775,0.856905,381,15376000,STALE,0.00015173178489114036,True,spike,2026-07-29 06:46:31
2026-07-28 19:30:00,0.8569,0.856965,0.856895,0.85693,290,15076000,STALE,2.9174762663286558e-05,True,spike,2026-07-29 06:46:31
2026-07-28 19:35:00,0.856925,0.856945,0.85689,0.856895,293,14776000,STALE,-4.084347612987038e-05,True,spike,2026-07-29 06:46:31
2026-07-28 19:40:00,0.856895,0.856965,0.856875,0.85693,490,14476000,STALE,4.0845144387624543e-05,True,spike,2026-07-29 06:46:31
2026-07-28 19:45:00,0.856935,0.85695,0.85678,0.8569,734,14176000,STALE,-3.5008693825555603e-05,True,spike,2026-07-29 06:46:31
2026-07-28 19:50:00,0.856905,0.856935,0.85687,0.856875,395,13876000,STALE,-2.917493289755768e-05,True,spike,2026-07-29 06:46:31
2026-07-28 19:55:00,0.856885,0.856995,0.856885,0.856965,672,13576000,STALE,0.00010503282275697856,True,spike,2026-07-29 06:46:31
2026-07-28 20:00:00,0.85697,0.857,0.85695,0.856995,469,13276000,STALE,3.5007264007180794e-05,True,spike,2026-07-29 06:46:31
2026-07-28 20:05:00,0.85699,0.856995,0.856865,0.85687,443,12976000,STALE,-0.0001458584939234564,True,spike,2026-07-29 06:46:31
2026-07-28 20:15:00,0.856865,0.856905,0.856855,0.856885,252,12376000,STALE,2.3340899675039495e-05,True,spike,2026-07-29 06:46:31
2026-07-28 20:20:00,0.856895,0.856925,0.856885,0.856915,160,12076000,STALE,3.501053233501139e-05,True,spike,2026-07-29 06:46:31
2026-07-28 20:25:00,0.856905,0.856935,0.85687,0.856875,449,11776000,STALE,-4.6679075520805746e-05,True,spike,2026-07-29 06:46:31
2026-07-28 20:30:00,0.85687,0.856955,0.856855,0.85695,318,11476000,STALE,8.752735229755615e-05,True,spike,2026-07-29 06:46:31
2026-07-28 20:35:00,0.856945,0.856965,0.856875,0.856885,310,11176000,STALE,-7.585039967328289e-05,True,spike,2026-07-29 06:46:31
2026-07-28 20:40:00,0.856875,0.856925,0.856875,0.85691,503,10876000,STALE,2.9175443612583507e-05,True,spike,2026-07-29 06:46:31
2026-07-28 20:45:00,0.856915,0.856975,0.85691,0.85697,209,10576000,STALE,7.001902183434439e-05,True,spike,2026-07-29 06:46:31
2026-07-28 20:50:00,0.856965,0.857,0.85696,0.85699,185,10276000,STALE,2.3338039838005642e-05,True,spike,2026-07-29 06:46:31
2026-07-28 20:55:00,0.85698,0.856985,0.856705,0.856845,871,9976000,STALE,-0.0001691968401031918,True,spike,2026-07-29 06:46:31
2026-07-28 21:00:00,0.856845,0.856895,0.85655,0.856895,16,9676000,STALE,5.835361121331317e-05,True,spike,2026-07-29 06:46:31
2026-07-28 21:05:00,0.856645,0.857255,0.856645,0.85703,57,9376000,STALE,0.0001575455569235995,True,spike,2026-07-29 06:46:31
2026-07-28 21:10:00,0.85703,0.85703,0.856905,0.856925,32,9076000,STALE,-0.00012251613129055094,True,spike,2026-07-29 06:46:31
2026-07-28 21:15:00,0.856915,0.856925,0.856735,0.85687,94,8776000,STALE,-6.41829798407878e-05,True,spike,2026-07-29 06:46:31
2026-07-28 21:20:00,0.85687,0.856945,0.85683,0.856915,142,8476000,STALE,5.251671782180445e-05,True,spike,2026-07-29 06:46:31
2026-07-28 21:25:00,0.856915,0.85698,0.85687,0.856945,85,8176000,STALE,3.5009306640576554e-05,True,spike,2026-07-29 06:46:31
2026-07-28 21:35:00,0.856955,0.85702,0.856935,0.857015,119,7576000,STALE,7.001534502970586e-05,True,spike,2026-07-29 06:46:31
2026-07-28 21:40:00,0.85701,0.85707,0.856985,0.85705,141,7276000,STALE,4.083942521426742e-05,True,spike,2026-07-29 06:46:31
2026-07-28 21:50:00,0.85706,0.857075,0.856975,0.85702,106,6676000,STALE,-4.667117821388622e-05,True,spike,2026-07-29 06:46:31
2026-07-28 22:05:00,0.85703,0.85705,0.85696,0.85701,135,5776000,STALE,-4.6671722769842106e-05,True,spike,2026-07-29 06:46:31
2026-07-28 22:15:00,0.85701,0.857055,0.85694,0.856965,259,5176000,STALE,-5.250813876156446e-05,True,spike,2026-07-29 06:46:31
2026-07-28 22:20:00,0.85697,0.857005,0.85695,0.85699,213,4876000,STALE,2.9172720006132025e-05,True,spike,2026-07-29 06:46:31
2026-07-28 22:30:00,0.85699,0.857075,0.85699,0.857035,239,4276000,STALE,5.250936416989482e-05,True,spike,2026-07-29 06:46:31
2026-07-28 22:40:00,0.857035,0.857065,0.85703,0.85706,249,3676000,STALE,2.917033726745899e-05,True,spike,2026-07-29 06:46:31
2026-07-28 22:50:00,0.857055,0.857055,0.85701,0.85702,204,3076000,STALE,-3.500379207743709e-05,True,spike,2026-07-29 06:46:31
2026-07-28 23:05:00,0.85702,0.857045,0.857,0.85704,248,2176000,STALE,2.3336678257157573e-05,True,spike,2026-07-29 06:46:31
2026-07-28 23:10:00,0.85704,0.85708,0.856995,0.856995,260,1876000,STALE,-5.2506300756149926e-05,True,spike,2026-07-29 06:46:31
2026-07-28 23:15:00,0.856995,0.857045,0.856985,0.85704,213,1576000,STALE,5.250905781251092e-05,True,spike,2026-07-29 06:46:31
2026-07-28 23:20:00,0.85704,0.857055,0.85699,0.856995,283,1276000,STALE,-5.2506300756149926e-05,True,spike,2026-07-29 06:46:31
2026-07-28 23:25:00,0.856995,0.857015,0.856975,0.857005,139,976000,STALE,1.166867951396533e-05,True,spike,2026-07-29 06:46:31
2026-07-28 23:35:00,0.857005,0.857035,0.856995,0.857025,170,376000,FRESH,2.333708671486967e-05,True,spike,2026-07-29 06:46:31
2026-07-28 23:40:00,0.857025,0.857045,0.856965,0.85697,237,76000,FRESH,-6.417549079673623e-05,True,spike,2026-07-29 06:46:31
2026-07-28 02:55:00,1.332235,1.332615,1.331075,1.331675,1,74777000,STALE,-0.000435352091003649,True,spike,2026-07-29 06:46:31
2026-07-28 03:00:00,1.331685,1.332335,1.331395,1.332015,1,74477000,STALE,0.0002553175512043371,True,spike,2026-07-29 06:46:31
2026-07-28 03:05:00,1.331945,1.332095,1.330725,1.331065,1,74177000,STALE,-0.000713205181623322,True,spike,2026-07-29 06:46:31
2026-07-28 03:10:00,1.331045,1.331285,1.330245,1.330895,1,73877000,STALE,-0.00012771727902094465,True,spike,2026-07-29 06:46:31
2026-07-28 03:15:00,1.330835,1.331315,1.330055,1.330275,1,73577000,STALE,-0.0004658519267108918,True,spike,2026-07-29 06:46:31
2026-07-28 03:20:00,1.330315,1.331505,1.330315,1.330505,1,73277000,STALE,0.0001728965815339656,True,spike,2026-07-29 06:46:31
2026-07-28 03:25:00,1.330515,1.330855,1.329915,1.330675,1,72977000,STALE,0.00012777103430661185,True,spike,2026-07-29 06:46:31
2026-07-28 03:30:00,1.330665,1.331605,1.330185,1.330945,1,72677000,STALE,0.00020290454092841692,True,spike,2026-07-29 06:46:31
2026-07-28 03:35:00,1.330935,1.331505,1.330735,1.331145,1,72377000,STALE,0.00015026916965021897,True,spike,2026-07-29 06:46:31
2026-07-28 03:40:00,1.331155,1.331425,1.330015,1.330415,1,72077000,STALE,-0.000548400061601173,True,spike,2026-07-29 06:46:31
2026-07-28 03:45:00,1.330435,1.330685,1.329465,1.329705,1,71777000,STALE,-0.0005336680659794313,True,spike,2026-07-29 06:46:31
2026-07-28 03:50:00,1.329695,1.330065,1.328605,1.329075,1,71477000,STALE,-0.00047378929913022283,True,spike,2026-07-29 06:46:31
2026-07-28 03:55:00,1.329095,1.329925,1.328895,1.329775,1,71177000,STALE,0.0005266820909277659,True,spike,2026-07-29 06:46:31
2026-07-28 04:05:00,1.329775,1.329775,1.328225,1.328515,1,70577000,STALE,-0.0009475287172642233,True,spike,2026-07-29 06:46:31
2026-07-28 04:10:00,1.328505,1.329975,1.328405,1.329685,1,70277000,STALE,0.0008806825666252127,True,spike,2026-07-29 06:46:31
2026-07-28 04:20:00,1.329705,1.331495,1.329615,1.331455,1,69677000,STALE,0.0013010208877775042,True,spike,2026-07-29 06:46:31
2026-07-28 04:25:00,1.331475,1.331985,1.331145,1.331705,1,69377000,STALE,0.00018776451325797083,True,spike,2026-07-29 06:46:31
2026-07-28 04:30:00,1.331715,1.333255,1.331715,1.333155,1,69077000,STALE,0.0010888297333120356,True,spike,2026-07-29 06:46:31
2026-07-28 04:35:00,1.333135,1.333285,1.332175,1.332185,1,68777000,STALE,-0.0007275973161411375,True,spike,2026-07-29 06:46:31
2026-07-28 04:40:00,1.332195,1.333425,1.331915,1.333215,1,68477000,STALE,0.0007731658891221294,True,spike,2026-07-29 06:46:31
2026-07-28 04:45:00,1.333225,1.335225,1.333215,1.335215,1,68177000,STALE,0.001500133136815851,True,spike,2026-07-29 06:46:31
2026-07-28 04:55:00,1.335175,1.336675,1.335085,1.336485,1,67577000,STALE,0.001033626568696766,True,spike,2026-07-29 06:46:31
2026-07-28 05:00:00,1.336495,1.336535,1.335255,1.335275,1,67277000,STALE,-0.0009053599554054159,True,spike,2026-07-29 06:46:31
2026-07-28 05:10:00,1.335175,1.336745,1.335125,1.336455,1,66677000,STALE,0.0009211930573498339,True,spike,2026-07-29 06:46:31
2026-07-28 05:15:00,1.336465,1.336735,1.335615,1.336045,1,66377000,STALE,-0.0003067817472343082,True,spike,2026-07-29 06:46:31
2026-07-28 05:20:00,1.336055,1.336515,1.335315,1.335465,1,66077000,STALE,-0.0004341171143187328,True,spike,2026-07-29 06:46:31
2026-07-28 05:30:00,1.335305,1.336175,1.334545,1.335615,1,65477000,STALE,0.00023964741873516715,True,spike,2026-07-29 06:46:31
2026-07-28 05:35:00,1.335595,1.336735,1.335585,1.336395,1,65177000,STALE,0.0005840006289237198,True,spike,2026-07-29 06:46:31
2026-07-28 05:45:00,1.336325,1.337725,1.335745,1.337705,1,64577000,STALE,0.0010401739110912356,True,spike,2026-07-29 06:46:31
2026-07-28 05:50:00,1.337695,1.338475,1.337585,1.338435,1,64277000,STALE,0.0005457107508757275,True,spike,2026-07-29 06:46:31
2026-07-28 05:55:00,1.338405,1.338405,1.336955,1.336955,1,63977000,STALE,-0.001105769051168104,True,spike,2026-07-29 06:46:31
2026-07-28 06:00:00,1.336985,1.337735,1.336475,1.337445,1,63677000,STALE,0.00036650448220032494,True,spike,2026-07-29 06:46:31
2026-07-28 06:10:00,1.337165,1.338295,1.336995,1.337745,1,63077000,STALE,0.00042627180436372036,True,spike,2026-07-29 06:46:31
2026-07-28 06:15:00,1.337845,1.338485,1.337605,1.338475,1,62777000,STALE,0.0005456944335431313,True,spike,2026-07-29 06:46:31
2026-07-28 06:20:00,1.338485,1.338725,1.337025,1.337625,1,62477000,STALE,-0.0006350510842563217,True,spike,2026-07-29 06:46:31
2026-07-28 06:25:00,1.337605,1.338465,1.337425,1.338195,1,62177000,STALE,0.0004261283992150755,True,spike,2026-07-29 06:46:31
2026-07-28 06:30:00,1.338185,1.338245,1.337235,1.337585,1,61877000,STALE,-0.000455837901053302,True,spike,2026-07-29 06:46:31
2026-07-28 06:35:00,1.337575,1.339115,1.337315,1.338795,1,61577000,STALE,0.0009046154076188806,True,spike,2026-07-29 06:46:31
2026-07-28 06:40:00,1.338805,1.340215,1.338615,1.340085,1,61277000,STALE,0.000963553045836063,True,spike,2026-07-29 06:46:31
2026-07-28 06:55:00,1.339795,1.341195,1.339765,1.341175,1,60377000,STALE,0.0010225368617076125,True,spike,2026-07-29 06:46:31
2026-07-28 07:00:00,1.341155,1.341165,1.340085,1.340355,1,60077000,STALE,-0.000611404179171271,True,spike,2026-07-29 06:46:31
2026-07-28 07:05:00,1.340345,1.340705,1.339495,1.339745,1,59777000,STALE,-0.00045510331218223676,True,spike,2026-07-29 06:46:31
2026-07-28 07:10:00,1.339705,1.340585,1.339675,1.340145,1,59477000,STALE,0.0002985642790231946,True,spike,2026-07-29 06:46:31
2026-07-28 07:15:00,1.340115,1.341195,1.339895,1.340915,1,59177000,STALE,0.0005745646926267334,True,spike,2026-07-29 06:46:31
2026-07-28 07:20:00,1.340905,1.341195,1.339285,1.339675,1,58877000,STALE,-0.000924741687579056,True,spike,2026-07-29 06:46:31
2026-07-28 07:25:00,1.339665,1.341065,1.339385,1.341025,1,58577000,STALE,0.0010077070931382437,True,spike,2026-07-29 06:46:31
2026-07-28 07:30:00,1.341035,1.341375,1.339875,1.340365,1,58277000,STALE,-0.0004921608471131211,True,spike,2026-07-29 06:46:31
2026-07-28 07:35:00,1.340385,1.340415,1.339365,1.339615,1,57977000,STALE,-0.0005595490780496704,True,spike,2026-07-29 06:46:31
2026-07-28 07:40:00,1.339665,1.340695,1.339455,1.340345,1,57677000,STALE,0.0005449326858835146,True,spike,2026-07-29 06:46:31
2026-07-28 07:50:00,1.340455,1.340605,1.339455,1.339455,1,57077000,STALE,-0.0007832868956102468,True,spike,2026-07-29 06:46:31
2026-07-28 07:55:00,1.339465,1.340065,1.339395,1.339805,1,56777000,STALE,0.000261300304974732,True,spike,2026-07-29 06:46:31
2026-07-28 08:00:00,1.339815,1.340635,1.339455,1.340455,1,56477000,STALE,0.000485145226357675,True,spike,2026-07-29 06:46:31
2026-07-28 08:05:00,1.340465,1.340755,1.339865,1.340125,1,56177000,STALE,-0.00024618506402673823,True,spike,2026-07-29 06:46:31
2026-07-28 08:10:00,1.340145,1.340335,1.339645,1.339725,1,55877000,STALE,-0.0002984796194384076,True,spike,2026-07-29 06:46:31
2026-07-28 08:20:00,1.339505,1.339795,1.338975,1.339295,1,55277000,STALE,-0.00017170265579224964,True,spike,2026-07-29 06:46:31
2026-07-28 08:25:00,1.339335,1.339565,1.338465,1.338935,1,54977000,STALE,-0.00026879813633284844,True,spike,2026-07-29 06:46:31
2026-07-28 08:30:00,1.338945,1.339675,1.338925,1.339595,1,54677000,STALE,0.0004929290816955145,True,spike,2026-07-29 06:46:31
2026-07-28 08:35:00,1.339585,1.339785,1.338875,1.339375,1,54377000,STALE,-0.00016422874077626215,True,spike,2026-07-29 06:46:31
2026-07-28 08:45:00,1.339575,1.339605,1.337785,1.337785,1,53777000,STALE,-0.0013362447044771297,True,spike,2026-07-29 06:46:31
2026-07-28 08:50:00,1.337775,1.338655,1.337775,1.338175,1,53477000,STALE,0.00029152666534604244,True,spike,2026-07-29 06:46:31
2026-07-28 08:55:00,1.338105,1.338325,1.337295,1.337315,1,53177000,STALE,-0.0006426663179328607,True,spike,2026-07-29 06:46:31
2026-07-28 09:00:00,1.337295,1.338285,1.337175,1.338015,1,52877000,STALE,0.0005234368865973948,True,spike,2026-07-29 06:46:31
2026-07-28 09:05:00,1.337985,1.338455,1.336945,1.336945,1,52577000,STALE,-0.0007996920811799146,True,spike,2026-07-29 06:46:31
2026-07-28 09:10:00,1.336965,1.337035,1.335905,1.335955,1,52277000,STALE,-0.0007404941863726755,True,spike,2026-07-29 06:46:31
2026-07-28 09:20:00,1.335875,1.336445,1.335595,1.336405,1,51677000,STALE,0.0003892550631230396,True,spike,2026-07-29 06:46:31
2026-07-28 09:25:00,1.336365,1.337085,1.336095,1.336695,1,51377000,STALE,0.00021700008605174403,True,spike,2026-07-29 06:46:31
2026-07-28 09:30:00,1.336695,1.337625,1.336125,1.336175,1,51077000,STALE,-0.0003890191853789249,True,spike,2026-07-29 06:46:31
2026-07-28 09:35:00,1.336165,1.336175,1.334045,1.334055,1,50777000,STALE,-0.0015866185192806581,True,spike,2026-07-29 06:46:31
2026-07-28 09:45:00,1.334285,1.335225,1.334025,1.335195,1,50177000,STALE,0.0006970129621926002,True,spike,2026-07-29 06:46:31
2026-07-28 09:50:00,1.335185,1.335315,1.334305,1.334465,1,49877000,STALE,-0.0005467366189956246,True,spike,2026-07-29 06:46:31
2026-07-28 09:55:00,1.334475,1.335495,1.334295,1.335375,1,49577000,STALE,0.0006819212193649449,True,spike,2026-07-29 06:46:31
2026-07-28 10:00:00,1.335355,1.335695,1.334775,1.334865,1,49277000,STALE,-0.0003819151923617481,True,spike,2026-07-29 06:46:31
2026-07-28 10:05:00,1.334855,1.335275,1.333955,1.334305,1,48977000,STALE,-0.0004195180786070729,True,spike,2026-07-29 06:46:31
2026-07-28 10:10:00,1.334315,1.336005,1.334295,1.335585,1,48677000,STALE,0.0009593009094621685,True,spike,2026-07-29 06:46:31
2026-07-28 10:15:00,1.335595,1.335635,1.334005,1.334795,1,48377000,STALE,-0.0005915011025131589,True,spike,2026-07-29 06:46:31
2026-07-28 10:20:00,1.334815,1.335355,1.334165,1.334315,1,48077000,STALE,-0.0003596057821613208,True,spike,2026-07-29 06:46:31
2026-07-28 10:25:00,1.334325,1.334715,1.333185,1.333405,1,47777000,STALE,-0.0006819978790615355,True,spike,2026-07-29 06:46:31
2026-07-28 10:30:00,1.333395,1.333715,1.332045,1.332275,1,47477000,STALE,-0.000847454449323215,True,spike,2026-07-29 06:46:31
2026-07-28 10:35:00,1.332245,1.332995,1.331695,1.332535,1,47177000,STALE,0.00019515490420518589,True,spike,2026-07-29 06:46:31
2026-07-28 10:40:00,1.332525,1.333255,1.331995,1.333035,1,46877000,STALE,0.00037522466576866975,True,spike,2026-07-29 06:46:31
2026-07-28 10:45:00,1.333035,1.333455,1.332455,1.332525,1,46577000,STALE,-0.00038258560352877335,True,spike,2026-07-29 06:46:31
2026-07-28 10:50:00,1.332545,1.332945,1.331545,1.332885,1,46277000,STALE,0.00027016378679589614,True,spike,2026-07-29 06:46:31
2026-07-28 10:55:00,1.332895,1.333045,1.331515,1.331855,1,45977000,STALE,-0.0007727598404964064,True,spike,2026-07-29 06:46:31
2026-07-28 11:00:00,1.331825,1.332655,1.331365,1.331555,1,45677000,STALE,-0.00022524974565552025,True,spike,2026-07-29 06:46:31
2026-07-28 11:05:00,1.331565,1.331735,1.330815,1.330955,1,45377000,STALE,-0.0004506009890691276,True,spike,2026-07-29 06:46:31
2026-07-28 11:10:00,1.330965,1.330965,1.328555,1.328605,1,45077000,STALE,-0.0017656494772551046,True,spike,2026-07-29 06:46:31
2026-07-28 11:20:00,1.328555,1.328765,1.327495,1.327515,1,44477000,STALE,-0.0007752842395252202,True,spike,2026-07-29 06:46:31
2026-07-28 11:30:00,1.327515,1.328255,1.327085,1.327255,1,43877000,STALE,-0.00021844833885098502,True,spike,2026-07-29 06:46:31
2026-07-28 11:35:00,1.327225,1.329075,1.327095,1.328765,1,43577000,STALE,0.0011376864280034926,True,spike,2026-07-29 06:46:31
2026-07-28 11:40:00,1.328775,1.329415,1.328485,1.329215,1,43277000,STALE,0.00033866033497265136,True,spike,2026-07-29 06:46:31
2026-07-28 11:45:00,1.329165,1.329725,1.328345,1.328385,1,42977000,STALE,-0.0006244287041600183,True,spike,2026-07-29 06:46:31
2026-07-28 11:50:00,1.328395,1.329345,1.328115,1.329345,1,42677000,STALE,0.0007226820537720169,True,spike,2026-07-29 06:46:31
2026-07-28 11:55:00,1.329335,1.330485,1.329165,1.330045,1,42377000,STALE,0.0005265751178211708,True,spike,2026-07-29 06:46:31
2026-07-28 12:10:00,1.330275,1.330315,1.328595,1.328785,1,41477000,STALE,-0.0011576118617629971,True,spike,2026-07-29 06:46:31
2026-07-28 12:15:00,1.328775,1.330095,1.328755,1.329835,1,41177000,STALE,0.0007901955545854822,True,spike,2026-07-29 06:46:31
2026-07-28 12:20:00,1.329825,1.330785,1.329635,1.330435,1,40877000,STALE,0.0004511837934781937,True,spike,2026-07-29 06:46:31
2026-07-28 12:25:00,1.330425,1.330485,1.329165,1.329915,1,40577000,STALE,-0.00039084960933832846,True,spike,2026-07-29 06:46:31
2026-07-28 12:35:00,1.329905,1.330845,1.329905,1.330455,1,39977000,STALE,0.00039099655246288556,True,spike,2026-07-29 06:46:31
2026-07-28 12:40:00,1.330445,1.331195,1.330135,1.330965,1,39677000,STALE,0.00038332750825853523,True,spike,2026-07-29 06:46:31
2026-07-28 12:45:00,1.330975,1.331105,1.329165,1.329415,1,39377000,STALE,-0.0011645685649134263,True,spike,2026-07-29 06:46:31
2026-07-28 12:50:00,1.329425,1.329555,1.327365,1.327705,1,39077000,STALE,-0.0012862800555132337,True,spike,2026-07-29 06:46:31
2026-07-28 13:00:00,1.327795,1.329645,1.327795,1.329185,1,38477000,STALE,0.001099625298913498,True,spike,2026-07-29 06:46:31
2026-07-28 13:05:00,1.329175,1.330025,1.328825,1.330005,1,38177000,STALE,0.0006169193904534964,True,spike,2026-07-29 06:46:31
2026-07-28 13:15:00,1.330075,1.331025,1.329795,1.330825,1,37577000,STALE,0.0005789234279784949,True,spike,2026-07-29 06:46:31
2026-07-28 13:20:00,1.330805,1.331795,1.330795,1.331595,1,37277000,STALE,0.0005785884695583832,True,spike,2026-07-29 06:46:31
2026-07-28 13:25:00,1.331585,1.331635,1.330115,1.330795,1,36977000,STALE,-0.000600783271189953,True,spike,2026-07-29 06:46:31
2026-07-28 13:30:00,1.330785,1.331655,1.330765,1.331445,1,36677000,STALE,0.000488429848323868,True,spike,2026-07-29 06:46:31
2026-07-28 13:35:00,1.331465,1.333125,1.331455,1.332905,1,36377000,STALE,0.0010965529931765694,True,spike,2026-07-29 06:46:31
2026-07-28 13:40:00,1.332915,1.334145,1.332865,1.333875,1,36077000,STALE,0.0007277337844782128,True,spike,2026-07-29 06:46:31
2026-07-28 13:45:00,1.333885,1.334265,1.332735,1.333025,1,35777000,STALE,-0.0006372411207946627,True,spike,2026-07-29 06:46:31
2026-07-28 13:55:00,1.333245,1.333985,1.332955,1.333795,1,35177000,STALE,0.00042003097728460226,True,spike,2026-07-29 06:46:31
2026-07-28 14:00:00,1.333785,1.334665,1.333395,1.334305,1,34877000,STALE,0.00038236760521659363,True,spike,2026-07-29 06:46:31
2026-07-28 14:05:00,1.334315,1.335505,1.334025,1.335335,1,34577000,STALE,0.0007719374505827936,True,spike,2026-07-29 06:46:31
2026-07-28 14:10:00,1.335345,1.336865,1.335195,1.336225,1,34277000,STALE,0.0006664994177492112,True,spike,2026-07-29 06:46:31
2026-07-28 14:15:00,1.336235,1.336245,1.334245,1.334345,1,33977000,STALE,-0.0014069486800502018,True,spike,2026-07-29 06:46:31
2026-07-28 14:20:00,1.334285,1.335075,1.334185,1.334875,1,33677000,STALE,0.00039719862554288277,True,spike,2026-07-29 06:46:31
2026-07-28 14:35:00,1.334565,1.335875,1.334525,1.335685,1,32777000,STALE,0.000831725455669341,True,spike,2026-07-29 06:46:31
2026-07-28 14:40:00,1.335695,1.337215,1.335565,1.336975,1,32477000,STALE,0.0009657965762885912,True,spike,2026-07-29 06:46:31
2026-07-28 14:45:00,1.336995,1.337675,1.336975,1.337325,1,32177000,STALE,0.0002617849997195165,True,spike,2026-07-29 06:46:31
2026-07-28 14:50:00,1.337345,1.338375,1.337225,1.338015,1,31877000,STALE,0.0005159553586449039,True,spike,2026-07-29 06:46:31
2026-07-28 14:55:00,1.338015,1.338015,1.337105,1.337305,1,31577000,STALE,-0.0005306368015306484,True,spike,2026-07-29 06:46:31
2026-07-28 15:05:00,1.337345,1.337765,1.336315,1.336705,1,30977000,STALE,-0.0005234016621741278,True,spike,2026-07-29 06:46:31
2026-07-28 15:15:00,1.336625,1.337315,1.336115,1.336115,1,30377000,STALE,-0.000351642432018906,True,spike,2026-07-29 06:46:31
2026-07-28 15:20:00,1.336125,1.337905,1.335765,1.337655,1,30077000,STALE,0.001152595397851286,True,spike,2026-07-29 06:46:31
2026-07-28 15:25:00,1.337645,1.337875,1.336995,1.337075,1,29777000,STALE,-0.0004335946114656375,True,spike,2026-07-29 06:46:31
2026-07-28 15:35:00,1.337015,1.337415,1.336465,1.336705,1,29177000,STALE,-0.0002468147804657317,True,spike,2026-07-29 06:46:31
2026-07-28 15:40:00,1.336695,1.337055,1.335525,1.335965,1,28877000,STALE,-0.0005536000837881305,True,spike,2026-07-29 06:46:31
2026-07-28 15:45:00,1.336065,1.336415,1.334955,1.335075,1,28577000,STALE,-0.0006661851171251287,True,spike,2026-07-29 06:46:31
2026-07-28 15:50:00,1.335045,1.335575,1.334585,1.334815,1,28277000,STALE,-0.00019474561354226871,True,spike,2026-07-29 06:46:31
2026-07-28 15:55:00,1.334815,1.335055,1.333815,1.334295,1,27977000,STALE,-0.0003895670935673001,True,spike,2026-07-29 06:46:31
2026-07-28 16:15:00,1.334175,1.334525,1.333785,1.333985,1,26777000,STALE,-0.00014990424866112573,True,spike,2026-07-29 06:46:31
2026-07-28 16:20:00,1.334005,1.334005,1.332755,1.332785,1,26477000,STALE,-0.0008995603398838092,True,spike,2026-07-29 06:46:31
2026-07-28 16:25:00,1.332775,1.333025,1.332145,1.332305,1,26177000,STALE,-0.0003601481109106741,True,spike,2026-07-29 06:46:31
2026-07-28 16:30:00,1.332315,1.333305,1.331875,1.331925,1,25877000,STALE,-0.00028521997590646997,True,spike,2026-07-29 06:46:31
2026-07-28 16:35:00,1.331945,1.332305,1.331565,1.332095,1,25577000,STALE,0.00012763481427247036,True,spike,2026-07-29 06:46:31
2026-07-28 16:40:00,1.332095,1.332405,1.331095,1.331175,1,25277000,STALE,-0.000690641433231165,True,spike,2026-07-29 06:46:31
2026-07-28 16:45:00,1.331235,1.332185,1.330925,1.332145,1,24977000,STALE,0.0007286795500214271,True,spike,2026-07-29 06:46:31
2026-07-28 16:50:00,1.332135,1.332955,1.331365,1.331795,1,24677000,STALE,-0.0002627341618216539,True,spike,2026-07-29 06:46:31
2026-07-28 16:55:00,1.331785,1.332615,1.331745,1.332425,1,24377000,STALE,0.0004730457765647067,True,spike,2026-07-29 06:46:31
2026-07-28 17:05:00,1.332435,1.332905,1.332005,1.332005,1,23777000,STALE,-0.0003377224746801133,True,spike,2026-07-29 06:46:31
2026-07-28 17:10:00,1.331995,1.334455,1.331865,1.334055,1,23477000,STALE,0.0015390332618869795,True,spike,2026-07-29 06:46:31
2026-07-28 17:15:00,1.334045,1.335275,1.333745,1.335135,1,23177000,STALE,0.0008095618246624081,True,spike,2026-07-29 06:46:31
2026-07-28 17:20:00,1.335125,1.336155,1.334835,1.336065,1,22877000,STALE,0.0006965587749554469,True,spike,2026-07-29 06:46:31
2026-07-28 17:25:00,1.336055,1.336275,1.334445,1.335125,1,22577000,STALE,-0.0007035585843504499,True,spike,2026-07-29 06:46:31
2026-07-28 17:35:00,1.335195,1.335285,1.334355,1.334555,1,21977000,STALE,-0.0005167590966452806,True,spike,2026-07-29 06:46:31
2026-07-28 17:40:00,1.334585,1.335995,1.334535,1.335455,1,21677000,STALE,0.0006743820974033365,True,spike,2026-07-29 06:46:31
2026-07-28 17:45:00,1.335465,1.336645,1.335465,1.336105,1,21377000,STALE,0.00048672549805117704,True,spike,2026-07-29 06:46:31
2026-07-28 17:50:00,1.336065,1.337195,1.335965,1.336355,1,21077000,STALE,0.00018711104291946334,True,spike,2026-07-29 06:46:31
2026-07-28 18:00:00,1.336445,1.336875,1.334775,1.335115,1,20477000,STALE,-0.0010026525397413,True,spike,2026-07-29 06:46:31
2026-07-28 18:05:00,1.335105,1.335185,1.333725,1.333835,1,20177000,STALE,-0.0009587189118539508,True,spike,2026-07-29 06:46:31
2026-07-28 18:15:00,1.334055,1.334445,1.333005,1.333335,1,19577000,STALE,-0.0005322159297475038,True,spike,2026-07-29 06:46:31
2026-07-28 18:20:00,1.333385,1.333985,1.332885,1.332925,1,19277000,STALE,-0.0003074996156254839,True,spike,2026-07-29 06:46:31
2026-07-28 18:25:00,1.332965,1.333125,1.331985,1.332345,1,18977000,STALE,-0.00043513325956079374,True,spike,2026-07-29 06:46:31
2026-07-28 18:30:00,1.332325,1.332535,1.331855,1.331885,1,18677000,STALE,-0.0003452559209513595,True,spike,2026-07-29 06:46:31
2026-07-28 18:35:00,1.331865,1.332365,1.331405,1.331525,1,18377000,STALE,-0.0002702936064299388,True,spike,2026-07-29 06:46:31
2026-07-28 18:40:00,1.331555,1.332475,1.331545,1.332385,1,18077000,STALE,0.0006458759692833382,True,spike,2026-07-29 06:46:31
2026-07-28 18:45:00,1.332395,1.333265,1.331855,1.333005,1,17777000,STALE,0.0004653309666500238,True,spike,2026-07-29 06:46:31
2026-07-28 18:50:00,1.333015,1.334835,1.332765,1.334765,1,17477000,STALE,0.0013203251300633045,True,spike,2026-07-29 06:46:31
2026-07-28 18:55:00,1.334775,1.336105,1.334055,1.335905,1,17177000,STALE,0.0008540829284555684,True,spike,2026-07-29 06:46:31
2026-07-28 19:00:00,1.335925,1.336545,1.335675,1.336375,1,16877000,STALE,0.0003518214244278006,True,spike,2026-07-29 06:46:31
2026-07-28 19:10:00,1.336465,1.336465,1.334815,1.335055,1,16277000,STALE,-0.0010475474295803533,True,spike,2026-07-29 06:46:31
2026-07-28 19:20:00,1.335235,1.336115,1.335115,1.336095,1,15677000,STALE,0.0006290933192536485,True,spike,2026-07-29 06:46:31
2026-07-28 19:25:00,1.336075,1.336235,1.334525,1.334795,1,15377000,STALE,-0.0009729847054289475,True,spike,2026-07-29 06:46:31
2026-07-28 19:35:00,1.334545,1.335025,1.333785,1.333805,1,14777000,STALE,-0.0005470070099323765,True,spike,2026-07-29 06:46:31
2026-07-28 19:40:00,1.333795,1.334005,1.332675,1.333315,1,14477000,STALE,-0.00036737004284725927,True,spike,2026-07-29 06:46:31
2026-07-28 19:45:00,1.333325,1.333405,1.331915,1.331915,1,14177000,STALE,-0.0010500144376985876,True,spike,2026-07-29 06:46:31
2026-07-28 19:50:00,1.331895,1.333085,1.331685,1.332365,1,13877000,STALE,0.0003378593979346256,True,spike,2026-07-29 06:46:31
2026-07-28 20:00:00,1.332335,1.333045,1.331865,1.332695,1,13277000,STALE,0.0002777100182012049,True,spike,2026-07-29 06:46:31
2026-07-28 20:05:00,1.332685,1.332745,1.331865,1.331915,1,12977000,STALE,-0.0005852802028971649,True,spike,2026-07-29 06:46:31
2026-07-28 20:25:00,1.332085,1.332355,1.330185,1.330255,1,11777000,STALE,-0.001366289435654866,True,spike,2026-07-29 06:46:31
2026-07-28 20:35:00,1.330035,1.331145,1.329715,1.330955,1,11177000,STALE,0.000684187377119061,True,spike,2026-07-29 06:46:31
2026-07-28 20:40:00,1.330985,1.332795,1.330865,1.332455,1,10877000,STALE,0.0011270103046308044,True,spike,2026-07-29 06:46:31
2026-07-28 20:45:00,1.332445,1.333325,1.332395,1.333235,1,10577000,STALE,0.0005853856227790999,True,spike,2026-07-29 06:46:31
2026-07-28 20:50:00,1.333225,1.333915,1.332165,1.333735,1,10277000,STALE,0.00037502765828967277,True,spike,2026-07-29 06:46:31
2026-07-28 20:55:00,1.333745,1.334695,1.333395,1.334615,1,9977000,STALE,0.0006598012348781879,True,spike,2026-07-29 06:46:31
2026-07-28 21:05:00,1.334515,1.334525,1.332895,1.333095,1,9377000,STALE,-0.001056571537761286,True,spike,2026-07-29 06:46:31
2026-07-28 21:10:00,1.333065,1.334075,1.332675,1.333805,1,9077000,STALE,0.0005325952013921498,True,spike,2026-07-29 06:46:31
2026-07-28 21:15:00,1.333815,1.334955,1.333535,1.334495,1,8777000,STALE,0.0005173169991117277,True,spike,2026-07-29 06:46:31
2026-07-28 21:20:00,1.334545,1.334645,1.333025,1.333035,1,8477000,STALE,-0.0010940468117153213,True,spike,2026-07-29 06:46:31
2026-07-28 21:25:00,1.333025,1.334075,1.332645,1.334065,1,8177000,STALE,0.0007726728855581566,True,spike,2026-07-29 06:46:31
2026-07-28 21:30:00,1.334035,1.334155,1.332665,1.333035,1,7877000,STALE,-0.0007720763231177097,True,spike,2026-07-29 06:46:31
2026-07-28 21:35:00,1.333045,1.333775,1.332795,1.333415,1,7577000,STALE,0.0002850637830213998,True,spike,2026-07-29 06:46:31
2026-07-28 21:40:00,1.333435,1.334555,1.333065,1.334105,1,7277000,STALE,0.000517468305066382,True,spike,2026-07-29 06:46:31
2026-07-28 21:50:00,1.334035,1.334665,1.333865,1.334305,1,6677000,STALE,0.00020989111898206403,True,spike,2026-07-29 06:46:31
2026-07-28 21:55:00,1.334315,1.335665,1.334315,1.335255,1,6377000,STALE,0.0007119811437414914,True,spike,2026-07-29 06:46:31
2026-07-28 22:00:00,1.335245,1.336395,1.334735,1.336385,1,6077000,STALE,0.0008462802985196305,True,spike,2026-07-29 06:46:31
2026-07-28 22:05:00,1.336375,1.336535,1.335565,1.335955,1,5777000,STALE,-0.0003217635636436622,True,spike,2026-07-29 06:46:31
2026-07-28 22:10:00,1.335965,1.336315,1.335295,1.335565,1,5477000,STALE,-0.0002919260005016522,True,spike,2026-07-29 06:46:31
2026-07-28 22:20:00,1.335515,1.335845,1.334925,1.335005,1,4877000,STALE,-0.00038935998951727946,True,spike,2026-07-29 06:46:31
2026-07-28 22:25:00,1.334985,1.336055,1.334635,1.335485,1,4577000,STALE,0.0003595492151715618,True,spike,2026-07-29 06:46:31
2026-07-28 22:35:00,1.335385,1.335485,1.333985,1.334305,1,3977000,STALE,-0.0008162378921592328,True,spike,2026-07-29 06:46:31
2026-07-28 22:40:00,1.334305,1.334385,1.332655,1.332785,1,3677000,STALE,-0.0011391698299864084,True,spike,2026-07-29 06:46:31
2026-07-28 22:45:00,1.332795,1.333855,1.332665,1.333845,1,3377000,STALE,0.0007953270782607991,True,spike,2026-07-29 06:46:31
2026-07-28 23:05:00,1.334355,1.335125,1.333805,1.334645,1,2177000,STALE,0.00019484631496924365,True,spike,2026-07-29 06:46:31
2026-07-28 23:10:00,1.334625,1.334685,1.333715,1.334005,1,1877000,STALE,-0.00047952826407016147,True,spike,2026-07-29 06:46:31
2026-07-28 23:15:00,1.333995,1.334195,1.332375,1.332985,1,1577000,STALE,-0.0007646148252817841,True,spike,2026-07-29 06:46:31
2026-07-28 23:20:00,1.332965,1.334185,1.332615,1.334175,1,1277000,STALE,0.0008927332265553645,True,spike,2026-07-29 06:46:31
2026-07-28 23:25:00,1.334145,1.335275,1.333895,1.335155,1,977000,STALE,0.0007345363239454894,True,spike,2026-07-29 06:46:31
2026-07-28 23:40:00,1.334925,1.335565,1.334865,1.335495,1,77000,FRESH,0.000494443133421063,True,spike,2026-07-29 06:46:31
2026-07-28 03:00:00,0.855875,0.856145,0.855775,0.856035,1,74478000,STALE,0.00017525718992628114,True,spike,2026-07-29 06:46:31
2026-07-28 03:05:00,0.856025,0.856185,0.855625,0.855625,1,74178000,STALE,-0.000478952379283637,True,spike,2026-07-29 06:46:31
2026-07-28 03:15:00,0.855635,0.855725,0.854935,0.854985,1,73578000,STALE,-0.0007947035346776987,True,spike,2026-07-29 06:46:31
2026-07-28 03:20:00,0.854975,0.855185,0.854755,0.854875,1,73278000,STALE,-0.00012865722790456058,True,spike,2026-07-29 06:46:31
2026-07-28 03:25:00,0.854905,0.854945,0.854435,0.854645,1,72978000,STALE,-0.0002690451820441808,True,spike,2026-07-29 06:46:31
2026-07-28 03:30:00,0.854655,0.854855,0.854105,0.854285,1,72678000,STALE,-0.0004212275272189592,True,spike,2026-07-29 06:46:31
2026-07-28 03:35:00,0.854305,0.854765,0.854255,0.854715,1,72378000,STALE,0.0005033449024622882,True,spike,2026-07-29 06:46:31
2026-07-28 03:45:00,0.854765,0.855525,0.854705,0.855355,1,71778000,STALE,0.0007019555311169601,True,spike,2026-07-29 06:46:31
2026-07-28 03:50:00,0.855365,0.855725,0.854935,0.855125,1,71478000,STALE,-0.0002688942018226337,True,spike,2026-07-29 06:46:31
2026-07-28 03:55:00,0.855115,0.855765,0.854695,0.855695,1,71178000,STALE,0.0006665692150269464,True,spike,2026-07-29 06:46:31
2026-07-28 04:00:00,0.855685,0.855965,0.855365,0.855375,1,70878000,STALE,-0.00037396502258391084,True,spike,2026-07-29 06:46:31
2026-07-28 04:05:00,0.855355,0.855545,0.854965,0.855235,1,70578000,STALE,-0.00016367090457403144,True,spike,2026-07-29 06:46:31
2026-07-28 04:10:00,0.855245,0.855735,0.855165,0.855625,1,70278000,STALE,0.00045601501341741013,True,spike,2026-07-29 06:46:31
2026-07-28 04:15:00,0.855615,0.855775,0.854065,0.854065,1,69978000,STALE,-0.0018232286340394976,True,spike,2026-07-29 06:46:31
2026-07-28 04:20:00,0.854075,0.854405,0.853485,0.853705,1,69678000,STALE,-0.0004215135850315077,True,spike,2026-07-29 06:46:31
2026-07-28 04:30:00,0.853695,0.854385,0.853635,0.854325,1,69078000,STALE,0.0007262461857433511,True,spike,2026-07-29 06:46:31
2026-07-28 04:35:00,0.854335,0.854345,0.853315,0.853415,1,68778000,STALE,-0.0010651684078073487,True,spike,2026-07-29 06:46:31
2026-07-28 04:40:00,0.853435,0.853435,0.852615,0.852725,1,68478000,STALE,-0.0008085163724566025,True,spike,2026-07-29 06:46:31
2026-07-28 04:50:00,0.852585,0.853225,0.852495,0.853155,1,67878000,STALE,0.0006450818374277301,True,spike,2026-07-29 06:46:31
2026-07-28 05:00:00,0.853015,0.853405,0.852755,0.853205,1,67278000,STALE,0.00019928842310101835,True,spike,2026-07-29 06:46:31
2026-07-28 05:10:00,0.853325,0.853945,0.853295,0.853805,1,66678000,STALE,0.0005625054932176798,True,spike,2026-07-29 06:46:31
2026-07-28 05:15:00,0.853795,0.854545,0.853775,0.854225,1,66378000,STALE,0.0004919156013374337,True,spike,2026-07-29 06:46:31
2026-07-28 05:20:00,0.854235,0.854245,0.853185,0.853185,1,66078000,STALE,-0.0012174778307822987,True,spike,2026-07-29 06:46:31
2026-07-28 05:25:00,0.853175,0.853845,0.852905,0.853705,1,65778000,STALE,0.0006094809449299632,True,spike,2026-07-29 06:46:31
2026-07-28 05:30:00,0.853725,0.854015,0.853455,0.854005,1,65478000,STALE,0.0003514094447145677,True,spike,2026-07-29 06:46:31
2026-07-28 05:35:00,0.853975,0.854205,0.853775,0.854185,1,65178000,STALE,0.0002107715996977344,True,spike,2026-07-29 06:46:31
2026-07-28 05:40:00,0.854195,0.854675,0.854165,0.854415,1,64878000,STALE,0.0002692625133899895,True,spike,2026-07-29 06:46:31
2026-07-28 05:45:00,0.854415,0.854775,0.853945,0.854605,1,64578000,STALE,0.0002223743731089023,True,spike,2026-07-29 06:46:31
2026-07-28 05:50:00,0.854625,0.855295,0.854565,0.855245,1,64278000,STALE,0.0007488839873392994,True,spike,2026-07-29 06:46:31
2026-07-28 05:55:00,0.855245,0.855915,0.854895,0.855765,1,63978000,STALE,0.000608012908581701,True,spike,2026-07-29 06:46:31
2026-07-28 06:00:00,0.855775,0.855985,0.855465,0.855495,1,63678000,STALE,-0.00031550717778827675,True,spike,2026-07-29 06:46:31
2026-07-28 06:20:00,0.855485,0.855795,0.855275,0.855285,1,62478000,STALE,-0.00024547191976576066,True,spike,2026-07-29 06:46:31
2026-07-28 06:30:00,0.855185,0.855545,0.854825,0.854835,1,61878000,STALE,-0.0004209566239279372,True,spike,2026-07-29 06:46:31
2026-07-28 06:35:00,0.854835,0.855015,0.854575,0.855015,1,61578000,STALE,0.00021056695151688842,True,spike,2026-07-29 06:46:31
2026-07-28 06:40:00,0.855005,0.855875,0.854995,0.855625,1,61278000,STALE,0.000713437775945458,True,spike,2026-07-29 06:46:31
2026-07-28 06:45:00,0.855635,0.855825,0.855235,0.855765,1,60978000,STALE,0.00016362308254214142,True,spike,2026-07-29 06:46:31
2026-07-28 06:55:00,0.855765,0.855775,0.855435,0.855585,1,60378000,STALE,-0.000186971586161655,True,spike,2026-07-29 06:46:31
2026-07-28 07:10:00,0.855625,0.855785,0.854815,0.854855,1,59478000,STALE,-0.0008415393156648854,True,spike,2026-07-29 06:46:31
2026-07-28 07:15:00,0.854845,0.855375,0.854675,0.855355,1,59178000,STALE,0.0005848945142743478,True,spike,2026-07-29 06:46:31
2026-07-28 07:20:00,0.855355,0.855955,0.855155,0.855905,1,58878000,STALE,0.0006430078739236844,True,spike,2026-07-29 06:46:31
2026-07-28 07:25:00,0.855915,0.856175,0.855085,0.855125,1,58578000,STALE,-0.000911316092323311,True,spike,2026-07-29 06:46:31
2026-07-28 07:30:00,0.855145,0.856175,0.855115,0.855735,1,58278000,STALE,0.0007133460020465332,True,spike,2026-07-29 06:46:31
2026-07-28 07:35:00,0.855745,0.855815,0.855025,0.855025,1,57978000,STALE,-0.0008296961091927013,True,spike,2026-07-29 06:46:31
2026-07-28 07:40:00,0.855015,0.855075,0.854505,0.854515,1,57678000,STALE,-0.0005964737873161985,True,spike,2026-07-29 06:46:31
2026-07-28 07:50:00,0.854465,0.854545,0.854155,0.854205,1,57078000,STALE,-0.0003159834986394827,True,spike,2026-07-29 06:46:31
2026-07-28 07:55:00,0.854195,0.854555,0.853985,0.854375,1,56778000,STALE,0.0001990154588185078,True,spike,2026-07-29 06:46:31
2026-07-28 08:10:00,0.854335,0.854505,0.853845,0.854505,1,55878000,STALE,0.00021069265209372467,True,spike,2026-07-29 06:46:31
2026-07-28 08:15:00,0.854495,0.854545,0.853995,0.854045,1,55578000,STALE,-0.0005383233567970436,True,spike,2026-07-29 06:46:31
2026-07-28 08:20:00,0.854055,0.854635,0.854045,0.854545,1,55278000,STALE,0.000585449244477676,True,spike,2026-07-29 06:46:31
2026-07-28 08:25:00,0.854555,0.855355,0.854555,0.855345,1,54978000,STALE,0.0009361707107291561,True,spike,2026-07-29 06:46:31
2026-07-28 08:40:00,0.855075,0.855355,0.854445,0.854445,1,54078000,STALE,-0.0007601494570779188,True,spike,2026-07-29 06:46:31
2026-07-28 08:45:00,0.854445,0.854835,0.854335,0.854825,1,53778000,STALE,0.0004447331308625735,True,spike,2026-07-29 06:46:31
2026-07-28 08:55:00,0.854895,0.855265,0.854275,0.854305,1,53178000,STALE,-0.0007018323673391169,True,spike,2026-07-29 06:46:31
2026-07-28 09:00:00,0.854295,0.854545,0.853665,0.854045,1,52878000,STALE,-0.0003043409555134602,True,spike,2026-07-29 06:46:31
2026-07-28 09:05:00,0.853995,0.854985,0.853965,0.854835,1,52578000,STALE,0.0009250098062747458,True,spike,2026-07-29 06:46:31
2026-07-28 09:10:00,0.854825,0.855985,0.854825,0.855975,1,52278000,STALE,0.0013335906929408115,True,spike,2026-07-29 06:46:31
2026-07-28 09:15:00,0.855965,0.856635,0.855965,0.856595,1,51978000,STALE,0.0007243202196325349,True,spike,2026-07-29 06:46:31
2026-07-28 09:20:00,0.856585,0.856685,0.856295,0.856375,1,51678000,STALE,-0.0002568308243685591,True,spike,2026-07-29 06:46:31
2026-07-28 09:25:00,0.856355,0.857055,0.856235,0.856885,1,51378000,STALE,0.0005955334987592931,True,spike,2026-07-29 06:46:31
2026-07-28 09:30:00,0.856895,0.857805,0.856895,0.857605,1,51078000,STALE,0.000840252776043382,True,spike,2026-07-29 06:46:31
2026-07-28 09:35:00,0.857595,0.857725,0.856995,0.857105,1,50778000,STALE,-0.0005830189889284298,True,spike,2026-07-29 06:46:31
2026-07-28 09:40:00,0.857115,0.857185,0.856485,0.856485,1,50478000,STALE,-0.0007233652819665926,True,spike,2026-07-29 06:46:31
2026-07-28 09:45:00,0.856505,0.856515,0.855465,0.855615,1,50178000,STALE,-0.0010157796108514194,True,spike,2026-07-29 06:46:31
2026-07-28 09:55:00,0.855565,0.855855,0.854985,0.855245,1,49578000,STALE,-0.0003857055196796466,True,spike,2026-07-29 06:46:31
2026-07-28 10:05:00,0.855145,0.855375,0.854185,0.854215,1,48978000,STALE,-0.0011459374762482488,True,spike,2026-07-29 06:46:31
2026-07-28 10:15:00,0.854315,0.854515,0.853515,0.853595,1,48378000,STALE,-0.0008427804732447086,True,spike,2026-07-29 06:46:31
2026-07-28 10:20:00,0.853605,0.853765,0.852705,0.853185,1,48078000,STALE,-0.000480321463926181,True,spike,2026-07-29 06:46:31
2026-07-28 10:25:00,0.853185,0.853255,0.852555,0.852555,1,47778000,STALE,-0.0007384096063574042,True,spike,2026-07-29 06:46:31
2026-07-28 10:30:00,0.852575,0.852685,0.852005,0.852045,1,47478000,STALE,-0.0005982018755387175,True,spike,2026-07-29 06:46:31
2026-07-28 10:35:00,0.852035,0.852595,0.851915,0.852375,1,47178000,STALE,0.00038730348749171917,True,spike,2026-07-29 06:46:31
2026-07-28 10:45:00,0.852505,0.852895,0.852195,0.852885,1,46578000,STALE,0.0004926888493954618,True,spike,2026-07-29 06:46:31
2026-07-28 10:50:00,0.852905,0.853005,0.852215,0.852295,1,46278000,STALE,-0.000691769699314615,True,spike,2026-07-29 06:46:31
2026-07-28 10:55:00,0.852275,0.852285,0.851345,0.851365,1,45978000,STALE,-0.0010911714840519116,True,spike,2026-07-29 06:46:31
2026-07-28 11:00:00,0.851345,0.851535,0.850915,0.851105,1,45678000,STALE,-0.00030539192943102034,True,spike,2026-07-29 06:46:31
2026-07-28 11:05:00,0.851105,0.851125,0.850375,0.850405,1,45378000,STALE,-0.0008224602134871972,True,spike,2026-07-29 06:46:31
2026-07-28 11:10:00,0.850415,0.851055,0.850195,0.850925,1,45078000,STALE,0.000611473356812331,True,spike,2026-07-29 06:46:31
2026-07-28 11:15:00,0.850935,0.851035,0.850225,0.850345,1,44778000,STALE,-0.0006816111878250597,True,spike,2026-07-29 06:46:31
2026-07-28 11:20:00,0.850355,0.851055,0.850175,0.850945,1,44478000,STALE,0.0007055959639910014,True,spike,2026-07-29 06:46:31
2026-07-28 11:25:00,0.850955,0.851505,0.850915,0.851185,1,44178000,STALE,0.0002820393797484666,True,spike,2026-07-29 06:46:31
2026-07-28 11:30:00,0.851175,0.851185,0.850545,0.850855,1,43878000,STALE,-0.0003876948019525539,True,spike,2026-07-29 06:46:31
2026-07-28 11:35:00,0.850845,0.851425,0.850765,0.851305,1,43578000,STALE,0.0005288797738745021,True,spike,2026-07-29 06:46:31
2026-07-28 11:45:00,0.851415,0.851595,0.851125,0.851195,1,42978000,STALE,-0.0002349085911944604,True,spike,2026-07-29 06:46:31
2026-07-28 11:50:00,0.851205,0.851225,0.850585,0.850775,1,42678000,STALE,-0.0004934239510336891,True,spike,2026-07-29 06:46:31
2026-07-28 11:55:00,0.850765,0.850955,0.850065,0.850385,1,42378000,STALE,-0.0004584055713907631,True,spike,2026-07-29 06:46:31
2026-07-28 12:00:00,0.850385,0.850595,0.849355,0.849495,1,42078000,STALE,-0.0010465847821867769,True,spike,2026-07-29 06:46:31
2026-07-28 12:10:00,0.849575,0.850125,0.849575,0.849925,1,41478000,STALE,0.0004355221262897224,True,spike,2026-07-29 06:46:31
2026-07-28 12:15:00,0.849915,0.850265,0.849595,0.850215,1,41178000,STALE,0.00034120657705094537,True,spike,2026-07-29 06:46:31
2026-07-28 12:20:00,0.850215,0.850495,0.850125,0.850385,1,40878000,STALE,0.00019994942455725528,True,spike,2026-07-29 06:46:31
2026-07-28 12:25:00,0.850435,0.850885,0.850075,0.850675,1,40578000,STALE,0.0003410220076789372,True,spike,2026-07-29 06:46:31
2026-07-28 12:30:00,0.850685,0.850925,0.850245,0.850845,1,40278000,STALE,0.00019984130249506293,True,spike,2026-07-29 06:46:31
2026-07-28 12:40:00,0.850835,0.850955,0.850525,0.850615,1,39678000,STALE,-0.0002703195059029495,True,spike,2026-07-29 06:46:31
2026-07-28 12:55:00,0.850505,0.850595,0.849925,0.849975,1,38778000,STALE,-0.0005996578422899912,True,spike,2026-07-29 06:46:31
2026-07-28 13:05:00,0.849895,0.850965,0.849895,0.850945,1,38178000,STALE,0.0012590086777466425,True,spike,2026-07-29 06:46:31
2026-07-28 13:10:00,0.850925,0.851005,0.850385,0.850775,1,37878000,STALE,-0.00019977789398850643,True,spike,2026-07-29 06:46:31
2026-07-28 13:15:00,0.850765,0.851025,0.850085,0.850525,1,37578000,STALE,-0.0002938497252504835,True,spike,2026-07-29 06:46:31
2026-07-28 13:20:00,0.850515,0.850775,0.850315,0.850395,1,37278000,STALE,-0.00015284677111193634,True,spike,2026-07-29 06:46:31
2026-07-28 13:35:00,0.850425,0.850755,0.850035,0.850715,1,36378000,STALE,0.0003292432696206937,True,spike,2026-07-29 06:46:31
2026-07-28 13:40:00,0.850705,0.850905,0.850275,0.850305,1,36078000,STALE,-0.00048194753824726266,True,spike,2026-07-29 06:46:31
2026-07-28 13:50:00,0.850315,0.850805,0.850305,0.850665,1,35478000,STALE,0.0004233774939581547,True,spike,2026-07-29 06:46:31
2026-07-28 13:55:00,0.850655,0.851345,0.850655,0.851185,1,35178000,STALE,0.0006112864641192317,True,spike,2026-07-29 06:46:31
2026-07-28 14:00:00,0.851135,0.851245,0.850745,0.850865,1,34878000,STALE,-0.00037594647462069197,True,spike,2026-07-29 06:46:31
2026-07-28 14:05:00,0.850845,0.851045,0.850325,0.850585,1,34578000,STALE,-0.00032907688058614326,True,spike,2026-07-29 06:46:31
2026-07-28 14:10:00,0.850635,0.850755,0.850095,0.850325,1,34278000,STALE,-0.0003056719786970197,True,spike,2026-07-29 06:46:31
2026-07-28 14:15:00,0.850305,0.850305,0.849925,0.850055,1,33978000,STALE,-0.0003175256519566405,True,spike,2026-07-29 06:46:31
2026-07-28 14:20:00,0.850075,0.850325,0.849805,0.850185,1,33678000,STALE,0.00015293128091697916,True,spike,2026-07-29 06:46:31
2026-07-28 14:25:00,0.850195,0.850945,0.849925,0.850945,1,33378000,STALE,0.0008939230873279413,True,spike,2026-07-29 06:46:31
2026-07-28 14:30:00,0.850945,0.851085,0.850665,0.850785,1,33078000,STALE,-0.00018802625316549637,True,spike,2026-07-29 06:46:31
2026-07-28 14:35:00,0.850775,0.851585,0.850695,0.851525,1,32778000,STALE,0.0008697849632985921,True,spike,2026-07-29 06:46:31
2026-07-28 14:40:00,0.851535,0.851855,0.851495,0.851725,1,32478000,STALE,0.00023487272834032957,True,spike,2026-07-29 06:46:31
2026-07-28 14:50:00,0.851685,0.852405,0.851665,0.852345,1,31878000,STALE,0.0008101872236996321,True,spike,2026-07-29 06:46:31
2026-07-28 14:55:00,0.852355,0.852465,0.852025,0.852105,1,31578000,STALE,-0.00028157612234480656,True,spike,2026-07-29 06:46:31
2026-07-28 15:00:00,0.852085,0.852475,0.851725,0.851735,1,31278000,STALE,-0.0004342187875907566,True,spike,2026-07-29 06:46:31
2026-07-28 15:05:00,0.851745,0.851915,0.851345,0.851385,1,30978000,STALE,-0.00041092593353575513,True,spike,2026-07-29 06:46:31
2026-07-28 15:10:00,0.851375,0.851415,0.850755,0.851005,1,30678000,STALE,-0.00044633156562534637,True,spike,2026-07-29 06:46:31
2026-07-28 15:20:00,0.850935,0.850935,0.850075,0.850115,1,30078000,STALE,-0.0009519052795488037,True,spike,2026-07-29 06:46:31
2026-07-28 15:30:00,0.850105,0.850185,0.849565,0.849745,1,29478000,STALE,-0.0003764418015093085,True,spike,2026-07-29 06:46:31
2026-07-28 15:35:00,0.849775,0.849805,0.849145,0.849245,1,29178000,STALE,-0.0005884118176628927,True,spike,2026-07-29 06:46:31
2026-07-28 15:40:00,0.849225,0.850225,0.849105,0.850205,1,28878000,STALE,0.0011304158399518816,True,spike,2026-07-29 06:46:31
2026-07-28 15:50:00,0.850225,0.850595,0.850055,0.850475,1,28278000,STALE,0.0003058050022639591,True,spike,2026-07-29 06:46:31
2026-07-28 15:55:00,0.850465,0.850585,0.850035,0.850065,1,27978000,STALE,-0.0004820835415503266,True,spike,2026-07-29 06:46:31
2026-07-28 16:00:00,0.850075,0.850245,0.849825,0.850215,1,27678000,STALE,0.00017645709445757163,True,spike,2026-07-29 06:46:31
2026-07-28 16:15:00,0.850145,0.850415,0.849825,0.849945,1,26778000,STALE,-0.00024701377984015505,True,spike,2026-07-29 06:46:31
2026-07-28 16:25:00,0.849935,0.850075,0.849105,0.849255,1,26178000,STALE,-0.0007883048504280232,True,spike,2026-07-29 06:46:31
2026-07-28 16:30:00,0.849235,0.849315,0.848435,0.848625,1,25878000,STALE,-0.0007418266598371304,True,spike,2026-07-29 06:46:31
2026-07-28 16:35:00,0.848615,0.848795,0.848065,0.848065,1,25578000,STALE,-0.0006598910001472946,True,spike,2026-07-29 06:46:31
2026-07-28 16:40:00,0.848075,0.848765,0.848055,0.848575,1,25278000,STALE,0.0006013689988384474,True,spike,2026-07-29 06:46:31
2026-07-28 16:45:00,0.848585,0.848585,0.847995,0.848065,1,24978000,STALE,-0.0006010075715169316,True,spike,2026-07-29 06:46:31
2026-07-28 16:55:00,0.847985,0.848145,0.847165,0.847355,1,24378000,STALE,-0.0007193693135919554,True,spike,2026-07-29 06:46:31
2026-07-28 17:10:00,0.847215,0.847995,0.847135,0.847675,1,23478000,STALE,0.0005547653755584303,True,spike,2026-07-29 06:46:31
2026-07-28 17:15:00,0.847705,0.848345,0.847455,0.848305,1,23178000,STALE,0.0007432093667973927,True,spike,2026-07-29 06:46:31
2026-07-28 17:20:00,0.848285,0.848655,0.848265,0.848505,1,22878000,STALE,0.0002357642593171505,True,spike,2026-07-29 06:46:31
2026-07-28 17:35:00,0.848285,0.848585,0.848275,0.848475,1,21978000,STALE,0.00020039962041962234,True,spike,2026-07-29 06:46:31
2026-07-28 17:40:00,0.848465,0.849115,0.848445,0.848935,1,21678000,STALE,0.0005421491499455477,True,spike,2026-07-29 06:46:31
2026-07-28 17:45:00,0.848925,0.849675,0.848895,0.849645,1,21378000,STALE,0.0008363420049826154,True,spike,2026-07-29 06:46:31
2026-07-28 17:50:00,0.849665,0.849925,0.849375,0.849915,1,21078000,STALE,0.0003177797786133585,True,spike,2026-07-29 06:46:31
2026-07-28 17:55:00,0.849945,0.850805,0.849925,0.850555,1,20778000,STALE,0.000753016478118429,True,spike,2026-07-29 06:46:31
2026-07-28 18:00:00,0.850545,0.850925,0.850015,0.850765,1,20478000,STALE,0.0002468976139109458,True,spike,2026-07-29 06:46:31
2026-07-28 18:05:00,0.850775,0.851455,0.850615,0.851275,1,20178000,STALE,0.0005994604855630303,True,spike,2026-07-29 06:46:31
2026-07-28 18:10:00,0.851265,0.851605,0.850995,0.851065,1,19878000,STALE,-0.00024668879034395186,True,spike,2026-07-29 06:46:31
2026-07-28 18:20:00,0.851115,0.851725,0.851115,0.851555,1,19278000,STALE,0.0005052136877661262,True,spike,2026-07-29 06:46:31
2026-07-28 18:30:00,0.851585,0.851665,0.851275,0.851425,1,18678000,STALE,-0.0001761442033878513,True,spike,2026-07-29 06:46:31
2026-07-28 18:35:00,0.851435,0.852525,0.851435,0.852505,1,18378000,STALE,0.0012684616965674689,True,spike,2026-07-29 06:46:31
2026-07-28 18:45:00,0.852555,0.853225,0.852525,0.853225,1,17778000,STALE,0.0007506582921350535,True,spike,2026-07-29 06:46:31
2026-07-28 18:50:00,0.853235,0.853245,0.852305,0.852365,1,17478000,STALE,-0.0010079404611913478,True,spike,2026-07-29 06:46:31
2026-07-28 18:55:00,0.852375,0.852635,0.851825,0.851925,1,17178000,STALE,-0.0005162107782463732,True,spike,2026-07-29 06:46:31
2026-07-28 19:00:00,0.851915,0.852165,0.851725,0.852145,1,16878000,STALE,0.0002582386947207471,True,spike,2026-07-29 06:46:31
2026-07-28 19:05:00,0.852135,0.852375,0.851795,0.851815,1,16578000,STALE,-0.0003872580370711809,True,spike,2026-07-29 06:46:31
2026-07-28 19:10:00,0.851805,0.852365,0.851785,0.852015,1,16278000,STALE,0.00023479276603488586,True,spike,2026-07-29 06:46:31
2026-07-28 19:15:00,0.852025,0.852295,0.851745,0.851755,1,15978000,STALE,-0.0003051589467321092,True,spike,2026-07-29 06:46:31
2026-07-28 19:25:00,0.851665,0.851975,0.851495,0.851935,1,15378000,STALE,0.00030528077024682965,True,spike,2026-07-29 06:46:31
2026-07-28 19:40:00,0.852005,0.852075,0.850975,0.850985,1,14478000,STALE,-0.0012088989043619325,True,spike,2026-07-29 06:46:31
2026-07-28 19:45:00,0.850975,0.851015,0.850245,0.850625,1,14178000,STALE,-0.00042303918400443674,True,spike,2026-07-29 06:46:31
2026-07-28 19:50:00,0.850605,0.851175,0.850485,0.851065,1,13878000,STALE,0.000517266715650333,True,spike,2026-07-29 06:46:31
2026-07-28 19:55:00,0.851065,0.851155,0.850695,0.850895,1,13578000,STALE,-0.0001997497253440894,True,spike,2026-07-29 06:46:31
2026-07-28 20:00:00,0.850905,0.851425,0.850815,0.851395,1,13278000,STALE,0.0005876165684368662,True,spike,2026-07-29 06:46:31
2026-07-28 20:05:00,0.851355,0.851445,0.850565,0.850835,1,12978000,STALE,-0.0006577440553444669,True,spike,2026-07-29 06:46:31
2026-07-28 20:10:00,0.850815,0.851325,0.850645,0.851245,1,12678000,STALE,0.0004818795653682706,True,spike,2026-07-29 06:46:31
2026-07-28 20:20:00,0.851165,0.851325,0.850595,0.850755,1,12078000,STALE,-0.000493435544981935,True,spike,2026-07-29 06:46:31
2026-07-28 20:25:00,0.850775,0.851245,0.850665,0.850935,1,11778000,STALE,0.00021157677592253954,True,spike,2026-07-29 06:46:31
2026-07-28 20:30:00,0.850945,0.851715,0.850925,0.851545,1,11478000,STALE,0.0007168585144576856,True,spike,2026-07-29 06:46:31
2026-07-28 20:35:00,0.851555,0.852195,0.851425,0.852075,1,11178000,STALE,0.0006223981116677546,True,spike,2026-07-29 06:46:31
2026-07-28 20:40:00,0.852085,0.852085,0.851175,0.851315,1,10878000,STALE,-0.0008919402634743889,True,spike,2026-07-29 06:46:31
2026-07-28 20:50:00,0.851345,0.851955,0.851205,0.851945,1,10278000,STALE,0.0007165216982738531,True,spike,2026-07-29 06:46:31
2026-07-28 21:00:00,0.851865,0.851885,0.850705,0.850865,1,9678000,STALE,-0.0011973447120210423,True,spike,2026-07-29 06:46:31
2026-07-28 21:05:00,0.850855,0.851075,0.850505,0.851045,1,9378000,STALE,0.00021154942323398096,True,spike,2026-07-29 06:46:31
2026-07-28 21:10:00,0.851055,0.851615,0.850865,0.851265,1,9078000,STALE,0.00025850571943908385,True,spike,2026-07-29 06:46:31
2026-07-28 21:20:00,0.851195,0.851425,0.850955,0.851425,1,8478000,STALE,0.00027020835413726907,True,spike,2026-07-29 06:46:31
2026-07-28 21:25:00,0.851435,0.851565,0.850915,0.850955,1,8178000,STALE,-0.0005520157383209767,True,spike,2026-07-29 06:46:31
2026-07-28 21:30:00,0.850945,0.851185,0.850675,0.850675,1,7878000,STALE,-0.00032904207625561455,True,spike,2026-07-29 06:46:31
2026-07-28 22:00:00,0.850415,0.850915,0.850155,0.850755,1,6078000,STALE,0.00045862658975859283,True,spike,2026-07-29 06:46:31
2026-07-28 22:05:00,0.850745,0.851445,0.850605,0.851445,1,5778000,STALE,0.0008110443077031793,True,spike,2026-07-29 06:46:31
2026-07-28 22:10:00,0.851455,0.851875,0.851155,0.851235,1,5478000,STALE,-0.0002466395363177609,True,spike,2026-07-29 06:46:31
2026-07-28 22:15:00,0.851225,0.851345,0.850615,0.850985,1,5178000,STALE,-0.00029369093141140556,True,spike,2026-07-29 06:46:31
2026-07-28 22:35:00,0.850975,0.851175,0.850185,0.850485,1,3978000,STALE,-0.0005523206280002579,True,spike,2026-07-29 06:46:31
2026-07-28 22:40:00,0.850475,0.850765,0.850045,0.850065,1,3678000,STALE,-0.0004938358701213064,True,spike,2026-07-29 06:46:31
2026-07-28 22:45:00,0.850055,0.850315,0.849885,0.850155,1,3378000,STALE,0.0001058742566746318,True,spike,2026-07-29 06:46:31
2026-07-28 22:50:00,0.850115,0.850245,0.849615,0.849795,1,3078000,STALE,-0.00042345219401174194,True,spike,2026-07-29 06:46:31
2026-07-28 23:00:00,0.849895,0.850305,0.849575,0.850305,1,2478000,STALE,0.0005059567583467484,True,spike,2026-07-29 06:46:31
2026-07-28 23:05:00,0.850315,0.850775,0.850235,0.850505,1,2178000,STALE,0.00023520971886559217,True,spike,2026-07-29 06:46:31
2026-07-28 23:10:00,0.850535,0.851165,0.850435,0.851155,1,1878000,STALE,0.0007642518268557996,True,spike,2026-07-29 06:46:31
2026-07-28 23:15:00,0.851165,0.851495,0.850765,0.851445,1,1578000,STALE,0.00034071350106623655,True,spike,2026-07-29 06:46:31
2026-07-28 23:20:00,0.851465,0.851645,0.850975,0.851235,1,1278000,STALE,-0.0002466395363177609,True,spike,2026-07-29 06:46:31
2026-07-28 23:25:00,0.851225,0.851645,0.851025,0.851615,1,978000,STALE,0.0004464102157453187,True,spike,2026-07-29 06:46:31
2026-07-28 23:30:00,0.851625,0.852165,0.851495,0.852015,1,678000,STALE,0.00046969581324884935,True,spike,2026-07-29 06:46:31
2026-07-28 23:35:00,0.852005,0.852725,0.851935,0.852675,1,378000,FRESH,0.0007746342493970548,True,spike,2026-07-29 06:46:31
2026-07-28 23:40:00,0.852655,0.853075,0.852655,0.852935,1,78000,FRESH,0.00030492274313198564,True,spike,2026-07-29 06:46:31
